,commit_hash,file_path,filename,line,problematic_tool
0,6e06bf0d89ad71f317c920cdaf9981a0508446d3,proto/src/main/java/com/google/gson/protobuf/ProtoTypeAdapter.java,ProtoTypeAdapter.java,271,clover
1,6e06bf0d89ad71f317c920cdaf9981a0508446d3,metrics/src/main/java/com/google/gson/metrics/CollectionsDeserializationBenchmark.java,CollectionsDeserializationBenchmark.java,116,clover
2,6e06bf0d89ad71f317c920cdaf9981a0508446d3,metrics/src/main/java/com/google/gson/metrics/BagOfPrimitivesDeserializationBenchmark.java,BagOfPrimitivesDeserializationBenchmark.java,102,clover
3,6e06bf0d89ad71f317c920cdaf9981a0508446d3,gson/src/test/java/com/google/gson/functional/ReflectionAccessTest.java,ReflectionAccessTest.java,39,clover
4,6e06bf0d89ad71f317c920cdaf9981a0508446d3,gson/src/main/java/com/google/gson/internal/bind/TypeAdapters.java,TypeAdapters.java,769,clover
5,6e06bf0d89ad71f317c920cdaf9981a0508446d3,gson/src/main/java/com/google/gson/internal/bind/ReflectiveTypeAdapterFactory.java,ReflectiveTypeAdapterFactory.java,150,clover
6,b0595c595bd2c052cd05e0283bb37b67c02bd06f,proto/src/main/java/com/google/gson/protobuf/ProtoTypeAdapter.java,ProtoTypeAdapter.java,271,clover
7,b0595c595bd2c052cd05e0283bb37b67c02bd06f,metrics/src/main/java/com/google/gson/metrics/CollectionsDeserializationBenchmark.java,CollectionsDeserializationBenchmark.java,116,clover
8,b0595c595bd2c052cd05e0283bb37b67c02bd06f,metrics/src/main/java/com/google/gson/metrics/BagOfPrimitivesDeserializationBenchmark.java,BagOfPrimitivesDeserializationBenchmark.java,102,clover
9,b0595c595bd2c052cd05e0283bb37b67c02bd06f,gson/src/test/java/com/google/gson/functional/ReflectionAccessTest.java,ReflectionAccessTest.java,39,clover
10,b0595c595bd2c052cd05e0283bb37b67c02bd06f,gson/src/main/java/com/google/gson/internal/bind/TypeAdapters.java,TypeAdapters.java,769,clover
11,b0595c595bd2c052cd05e0283bb37b67c02bd06f,gson/src/main/java/com/google/gson/internal/bind/ReflectiveTypeAdapterFactory.java,ReflectiveTypeAdapterFactory.java,150,clover
12,0d9f6b677ae67cbd749ebca817139041d1977831,proto/src/main/java/com/google/gson/protobuf/ProtoTypeAdapter.java,ProtoTypeAdapter.java,271,clover
13,0d9f6b677ae67cbd749ebca817139041d1977831,metrics/src/main/java/com/google/gson/metrics/CollectionsDeserializationBenchmark.java,CollectionsDeserializationBenchmark.java,116,clover
14,0d9f6b677ae67cbd749ebca817139041d1977831,metrics/src/main/java/com/google/gson/metrics/BagOfPrimitivesDeserializationBenchmark.java,BagOfPrimitivesDeserializationBenchmark.java,102,clover
15,0d9f6b677ae67cbd749ebca817139041d1977831,gson/src/main/java/com/google/gson/internal/bind/TypeAdapters.java,TypeAdapters.java,763,clover
16,0d9f6b677ae67cbd749ebca817139041d1977831,gson/src/main/java/com/google/gson/internal/bind/ReflectiveTypeAdapterFactory.java,ReflectiveTypeAdapterFactory.java,151,clover
17,ca2ed748ba6e31c4a319ea6f2d2dc7048021f0a0,proto/src/main/java/com/google/gson/protobuf/ProtoTypeAdapter.java,ProtoTypeAdapter.java,271,clover
18,ca2ed748ba6e31c4a319ea6f2d2dc7048021f0a0,metrics/src/main/java/com/google/gson/metrics/CollectionsDeserializationBenchmark.java,CollectionsDeserializationBenchmark.java,116,clover
19,ca2ed748ba6e31c4a319ea6f2d2dc7048021f0a0,metrics/src/main/java/com/google/gson/metrics/BagOfPrimitivesDeserializationBenchmark.java,BagOfPrimitivesDeserializationBenchmark.java,102,clover
20,ca2ed748ba6e31c4a319ea6f2d2dc7048021f0a0,gson/src/main/java/com/google/gson/internal/bind/TypeAdapters.java,TypeAdapters.java,763,clover
21,ca2ed748ba6e31c4a319ea6f2d2dc7048021f0a0,gson/src/main/java/com/google/gson/internal/bind/ReflectiveTypeAdapterFactory.java,ReflectiveTypeAdapterFactory.java,151,clover
22,cc505e1b9fa6e6e29466914a348315f73d326d27,proto/src/main/java/com/google/gson/protobuf/ProtoTypeAdapter.java,ProtoTypeAdapter.java,271,clover
23,cc505e1b9fa6e6e29466914a348315f73d326d27,metrics/src/main/java/com/google/gson/metrics/CollectionsDeserializationBenchmark.java,CollectionsDeserializationBenchmark.java,116,clover
24,cc505e1b9fa6e6e29466914a348315f73d326d27,metrics/src/main/java/com/google/gson/metrics/BagOfPrimitivesDeserializationBenchmark.java,BagOfPrimitivesDeserializationBenchmark.java,102,clover
25,cc505e1b9fa6e6e29466914a348315f73d326d27,gson/src/main/java/com/google/gson/internal/bind/TypeAdapters.java,TypeAdapters.java,763,clover
26,cc505e1b9fa6e6e29466914a348315f73d326d27,gson/src/main/java/com/google/gson/internal/bind/ReflectiveTypeAdapterFactory.java,ReflectiveTypeAdapterFactory.java,151,clover
27,a92bbf849c99b1fc708eb3dd209af9c72110ed4d,proto/src/main/java/com/google/gson/protobuf/ProtoTypeAdapter.java,ProtoTypeAdapter.java,271,clover
28,a92bbf849c99b1fc708eb3dd209af9c72110ed4d,metrics/src/main/java/com/google/gson/metrics/CollectionsDeserializationBenchmark.java,CollectionsDeserializationBenchmark.java,116,clover
29,a92bbf849c99b1fc708eb3dd209af9c72110ed4d,metrics/src/main/java/com/google/gson/metrics/BagOfPrimitivesDeserializationBenchmark.java,BagOfPrimitivesDeserializationBenchmark.java,102,clover
30,a92bbf849c99b1fc708eb3dd209af9c72110ed4d,gson/src/main/java/com/google/gson/internal/bind/TypeAdapters.java,TypeAdapters.java,763,clover
31,a92bbf849c99b1fc708eb3dd209af9c72110ed4d,gson/src/main/java/com/google/gson/internal/bind/ReflectiveTypeAdapterFactory.java,ReflectiveTypeAdapterFactory.java,151,clover
32,deaa3a6cd9f4676e0c826eadadd2f3d6dc857096,proto/src/main/java/com/google/gson/protobuf/ProtoTypeAdapter.java,ProtoTypeAdapter.java,271,clover
33,deaa3a6cd9f4676e0c826eadadd2f3d6dc857096,metrics/src/main/java/com/google/gson/metrics/CollectionsDeserializationBenchmark.java,CollectionsDeserializationBenchmark.java,116,clover
34,deaa3a6cd9f4676e0c826eadadd2f3d6dc857096,metrics/src/main/java/com/google/gson/metrics/BagOfPrimitivesDeserializationBenchmark.java,BagOfPrimitivesDeserializationBenchmark.java,102,clover
35,deaa3a6cd9f4676e0c826eadadd2f3d6dc857096,gson/src/main/java/com/google/gson/internal/bind/TypeAdapters.java,TypeAdapters.java,763,clover
36,deaa3a6cd9f4676e0c826eadadd2f3d6dc857096,gson/src/main/java/com/google/gson/internal/bind/ReflectiveTypeAdapterFactory.java,ReflectiveTypeAdapterFactory.java,151,clover
37,e0de45ff69ba3daacc3b7623cc74fc69a4eaf6d0,proto/src/main/java/com/google/gson/protobuf/ProtoTypeAdapter.java,ProtoTypeAdapter.java,271,clover
38,e0de45ff69ba3daacc3b7623cc74fc69a4eaf6d0,metrics/src/main/java/com/google/gson/metrics/CollectionsDeserializationBenchmark.java,CollectionsDeserializationBenchmark.java,116,clover
39,e0de45ff69ba3daacc3b7623cc74fc69a4eaf6d0,metrics/src/main/java/com/google/gson/metrics/BagOfPrimitivesDeserializationBenchmark.java,BagOfPrimitivesDeserializationBenchmark.java,102,clover
40,e0de45ff69ba3daacc3b7623cc74fc69a4eaf6d0,gson/src/main/java/com/google/gson/internal/bind/TypeAdapters.java,TypeAdapters.java,763,clover
41,e0de45ff69ba3daacc3b7623cc74fc69a4eaf6d0,gson/src/main/java/com/google/gson/internal/bind/ReflectiveTypeAdapterFactory.java,ReflectiveTypeAdapterFactory.java,151,clover
42,b4dab86b105c85e6b7d7106c9ff11e3e923e3485,proto/src/main/java/com/google/gson/protobuf/ProtoTypeAdapter.java,ProtoTypeAdapter.java,271,clover
43,b4dab86b105c85e6b7d7106c9ff11e3e923e3485,metrics/src/main/java/com/google/gson/metrics/CollectionsDeserializationBenchmark.java,CollectionsDeserializationBenchmark.java,116,clover
44,b4dab86b105c85e6b7d7106c9ff11e3e923e3485,metrics/src/main/java/com/google/gson/metrics/BagOfPrimitivesDeserializationBenchmark.java,BagOfPrimitivesDeserializationBenchmark.java,102,clover
45,b4dab86b105c85e6b7d7106c9ff11e3e923e3485,gson/src/main/java/com/google/gson/internal/bind/TypeAdapters.java,TypeAdapters.java,763,clover
46,b4dab86b105c85e6b7d7106c9ff11e3e923e3485,gson/src/main/java/com/google/gson/internal/bind/ReflectiveTypeAdapterFactory.java,ReflectiveTypeAdapterFactory.java,151,clover
47,b3188c113205bb41a980b09917b7f6b242cd32fc,proto/src/main/java/com/google/gson/protobuf/ProtoTypeAdapter.java,ProtoTypeAdapter.java,271,clover
48,b3188c113205bb41a980b09917b7f6b242cd32fc,metrics/src/main/java/com/google/gson/metrics/CollectionsDeserializationBenchmark.java,CollectionsDeserializationBenchmark.java,116,clover
49,b3188c113205bb41a980b09917b7f6b242cd32fc,metrics/src/main/java/com/google/gson/metrics/BagOfPrimitivesDeserializationBenchmark.java,BagOfPrimitivesDeserializationBenchmark.java,102,clover
50,b3188c113205bb41a980b09917b7f6b242cd32fc,gson/src/main/java/com/google/gson/internal/bind/TypeAdapters.java,TypeAdapters.java,739,clover
51,b3188c113205bb41a980b09917b7f6b242cd32fc,gson/src/main/java/com/google/gson/internal/bind/ReflectiveTypeAdapterFactory.java,ReflectiveTypeAdapterFactory.java,151,clover
52,466ca729167662b72beb0b952a7819b71547eaec,proto/src/main/java/com/google/gson/protobuf/ProtoTypeAdapter.java,ProtoTypeAdapter.java,271,clover
53,466ca729167662b72beb0b952a7819b71547eaec,metrics/src/main/java/com/google/gson/metrics/CollectionsDeserializationBenchmark.java,CollectionsDeserializationBenchmark.java,116,clover
54,466ca729167662b72beb0b952a7819b71547eaec,metrics/src/main/java/com/google/gson/metrics/BagOfPrimitivesDeserializationBenchmark.java,BagOfPrimitivesDeserializationBenchmark.java,102,clover
55,466ca729167662b72beb0b952a7819b71547eaec,gson/src/main/java/com/google/gson/internal/bind/TypeAdapters.java,TypeAdapters.java,739,clover
56,466ca729167662b72beb0b952a7819b71547eaec,gson/src/main/java/com/google/gson/internal/bind/ReflectiveTypeAdapterFactory.java,ReflectiveTypeAdapterFactory.java,151,clover
57,121bcede9663d890867179e3c700afcee25f93c0,proto/src/main/java/com/google/gson/protobuf/ProtoTypeAdapter.java,ProtoTypeAdapter.java,271,clover
58,121bcede9663d890867179e3c700afcee25f93c0,metrics/src/main/java/com/google/gson/metrics/CollectionsDeserializationBenchmark.java,CollectionsDeserializationBenchmark.java,116,clover
59,121bcede9663d890867179e3c700afcee25f93c0,metrics/src/main/java/com/google/gson/metrics/BagOfPrimitivesDeserializationBenchmark.java,BagOfPrimitivesDeserializationBenchmark.java,102,clover
60,121bcede9663d890867179e3c700afcee25f93c0,gson/src/main/java/com/google/gson/internal/bind/TypeAdapters.java,TypeAdapters.java,739,clover
61,121bcede9663d890867179e3c700afcee25f93c0,gson/src/main/java/com/google/gson/internal/bind/ReflectiveTypeAdapterFactory.java,ReflectiveTypeAdapterFactory.java,151,clover
62,031db9d4737df018e93c76b75611fd3c8589034f,proto/src/main/java/com/google/gson/protobuf/ProtoTypeAdapter.java,ProtoTypeAdapter.java,271,clover
63,031db9d4737df018e93c76b75611fd3c8589034f,metrics/src/main/java/com/google/gson/metrics/CollectionsDeserializationBenchmark.java,CollectionsDeserializationBenchmark.java,116,clover
64,031db9d4737df018e93c76b75611fd3c8589034f,metrics/src/main/java/com/google/gson/metrics/BagOfPrimitivesDeserializationBenchmark.java,BagOfPrimitivesDeserializationBenchmark.java,102,clover
65,031db9d4737df018e93c76b75611fd3c8589034f,gson/src/main/java/com/google/gson/internal/bind/TypeAdapters.java,TypeAdapters.java,739,clover
66,031db9d4737df018e93c76b75611fd3c8589034f,gson/src/main/java/com/google/gson/internal/bind/ReflectiveTypeAdapterFactory.java,ReflectiveTypeAdapterFactory.java,151,clover
67,128586847bc5669a4a10fd29ac3ead92b709352a,proto/src/main/java/com/google/gson/protobuf/ProtoTypeAdapter.java,ProtoTypeAdapter.java,271,clover
68,128586847bc5669a4a10fd29ac3ead92b709352a,metrics/src/main/java/com/google/gson/metrics/CollectionsDeserializationBenchmark.java,CollectionsDeserializationBenchmark.java,116,clover
69,128586847bc5669a4a10fd29ac3ead92b709352a,metrics/src/main/java/com/google/gson/metrics/BagOfPrimitivesDeserializationBenchmark.java,BagOfPrimitivesDeserializationBenchmark.java,102,clover
70,128586847bc5669a4a10fd29ac3ead92b709352a,gson/src/main/java/com/google/gson/internal/bind/TypeAdapters.java,TypeAdapters.java,739,clover
71,128586847bc5669a4a10fd29ac3ead92b709352a,gson/src/main/java/com/google/gson/internal/bind/ReflectiveTypeAdapterFactory.java,ReflectiveTypeAdapterFactory.java,151,clover
72,6a368d89da37917be7714c3072b8378f4120110a,proto/src/main/java/com/google/gson/protobuf/ProtoTypeAdapter.java,ProtoTypeAdapter.java,271,clover
73,6a368d89da37917be7714c3072b8378f4120110a,metrics/src/main/java/com/google/gson/metrics/CollectionsDeserializationBenchmark.java,CollectionsDeserializationBenchmark.java,116,clover
74,6a368d89da37917be7714c3072b8378f4120110a,metrics/src/main/java/com/google/gson/metrics/BagOfPrimitivesDeserializationBenchmark.java,BagOfPrimitivesDeserializationBenchmark.java,102,clover
75,6a368d89da37917be7714c3072b8378f4120110a,gson/src/main/java/com/google/gson/internal/bind/TypeAdapters.java,TypeAdapters.java,739,clover
76,6a368d89da37917be7714c3072b8378f4120110a,gson/src/main/java/com/google/gson/internal/bind/ReflectiveTypeAdapterFactory.java,ReflectiveTypeAdapterFactory.java,151,clover
77,ba96d53bad35f7466073f14cb3d89d09383e1a2d,proto/src/main/java/com/google/gson/protobuf/ProtoTypeAdapter.java,ProtoTypeAdapter.java,271,clover
78,ba96d53bad35f7466073f14cb3d89d09383e1a2d,metrics/src/main/java/com/google/gson/metrics/CollectionsDeserializationBenchmark.java,CollectionsDeserializationBenchmark.java,116,clover
79,ba96d53bad35f7466073f14cb3d89d09383e1a2d,metrics/src/main/java/com/google/gson/metrics/BagOfPrimitivesDeserializationBenchmark.java,BagOfPrimitivesDeserializationBenchmark.java,102,clover
80,ba96d53bad35f7466073f14cb3d89d09383e1a2d,gson/src/main/java/com/google/gson/internal/bind/TypeAdapters.java,TypeAdapters.java,739,clover
81,ba96d53bad35f7466073f14cb3d89d09383e1a2d,gson/src/main/java/com/google/gson/internal/bind/ReflectiveTypeAdapterFactory.java,ReflectiveTypeAdapterFactory.java,151,clover
82,ca1df7f7e09f6b1a763882029dd7057f475b31de,proto/src/main/java/com/google/gson/protobuf/ProtoTypeAdapter.java,ProtoTypeAdapter.java,271,clover
83,ca1df7f7e09f6b1a763882029dd7057f475b31de,metrics/src/main/java/com/google/gson/metrics/CollectionsDeserializationBenchmark.java,CollectionsDeserializationBenchmark.java,116,clover
84,ca1df7f7e09f6b1a763882029dd7057f475b31de,metrics/src/main/java/com/google/gson/metrics/BagOfPrimitivesDeserializationBenchmark.java,BagOfPrimitivesDeserializationBenchmark.java,102,clover
85,ca1df7f7e09f6b1a763882029dd7057f475b31de,gson/src/main/java/com/google/gson/internal/bind/TypeAdapters.java,TypeAdapters.java,739,clover
86,ca1df7f7e09f6b1a763882029dd7057f475b31de,gson/src/main/java/com/google/gson/internal/bind/ReflectiveTypeAdapterFactory.java,ReflectiveTypeAdapterFactory.java,151,clover
87,c54caf308c3f7d4a6088cf3085c2caa9617e0458,proto/src/main/java/com/google/gson/protobuf/ProtoTypeAdapter.java,ProtoTypeAdapter.java,271,clover
88,c54caf308c3f7d4a6088cf3085c2caa9617e0458,metrics/src/main/java/com/google/gson/metrics/CollectionsDeserializationBenchmark.java,CollectionsDeserializationBenchmark.java,116,clover
89,c54caf308c3f7d4a6088cf3085c2caa9617e0458,metrics/src/main/java/com/google/gson/metrics/BagOfPrimitivesDeserializationBenchmark.java,BagOfPrimitivesDeserializationBenchmark.java,102,clover
90,c54caf308c3f7d4a6088cf3085c2caa9617e0458,gson/src/main/java/com/google/gson/internal/bind/TypeAdapters.java,TypeAdapters.java,739,clover
91,c54caf308c3f7d4a6088cf3085c2caa9617e0458,gson/src/main/java/com/google/gson/internal/bind/ReflectiveTypeAdapterFactory.java,ReflectiveTypeAdapterFactory.java,151,clover
92,e6fae590cf2a758c47cd5a17f9bf3780ce62c986,proto/src/main/java/com/google/gson/protobuf/ProtoTypeAdapter.java,ProtoTypeAdapter.java,271,clover
93,e6fae590cf2a758c47cd5a17f9bf3780ce62c986,metrics/src/main/java/com/google/gson/metrics/CollectionsDeserializationBenchmark.java,CollectionsDeserializationBenchmark.java,116,clover
94,e6fae590cf2a758c47cd5a17f9bf3780ce62c986,metrics/src/main/java/com/google/gson/metrics/BagOfPrimitivesDeserializationBenchmark.java,BagOfPrimitivesDeserializationBenchmark.java,102,clover
95,e6fae590cf2a758c47cd5a17f9bf3780ce62c986,gson/src/main/java/com/google/gson/internal/bind/TypeAdapters.java,TypeAdapters.java,739,clover
96,e6fae590cf2a758c47cd5a17f9bf3780ce62c986,gson/src/main/java/com/google/gson/internal/bind/ReflectiveTypeAdapterFactory.java,ReflectiveTypeAdapterFactory.java,151,clover
97,bda2e3d16af776e0f607d56bbab6eac22f8f2d58,proto/src/main/java/com/google/gson/protobuf/ProtoTypeAdapter.java,ProtoTypeAdapter.java,271,clover
98,bda2e3d16af776e0f607d56bbab6eac22f8f2d58,metrics/src/main/java/com/google/gson/metrics/CollectionsDeserializationBenchmark.java,CollectionsDeserializationBenchmark.java,116,clover
99,bda2e3d16af776e0f607d56bbab6eac22f8f2d58,metrics/src/main/java/com/google/gson/metrics/BagOfPrimitivesDeserializationBenchmark.java,BagOfPrimitivesDeserializationBenchmark.java,102,clover
100,bda2e3d16af776e0f607d56bbab6eac22f8f2d58,gson/src/main/java/com/google/gson/internal/bind/TypeAdapters.java,TypeAdapters.java,739,clover
101,bda2e3d16af776e0f607d56bbab6eac22f8f2d58,gson/src/main/java/com/google/gson/internal/bind/ReflectiveTypeAdapterFactory.java,ReflectiveTypeAdapterFactory.java,151,clover
102,cd748df7122ea4260d35dfe90cfab0c079a1504d,proto/src/main/java/com/google/gson/protobuf/ProtoTypeAdapter.java,ProtoTypeAdapter.java,271,clover
103,cd748df7122ea4260d35dfe90cfab0c079a1504d,metrics/src/main/java/com/google/gson/metrics/CollectionsDeserializationBenchmark.java,CollectionsDeserializationBenchmark.java,116,clover
104,cd748df7122ea4260d35dfe90cfab0c079a1504d,metrics/src/main/java/com/google/gson/metrics/BagOfPrimitivesDeserializationBenchmark.java,BagOfPrimitivesDeserializationBenchmark.java,102,clover
105,cd748df7122ea4260d35dfe90cfab0c079a1504d,gson/src/main/java/com/google/gson/internal/bind/TypeAdapters.java,TypeAdapters.java,739,clover
106,cd748df7122ea4260d35dfe90cfab0c079a1504d,gson/src/main/java/com/google/gson/internal/bind/ReflectiveTypeAdapterFactory.java,ReflectiveTypeAdapterFactory.java,151,clover
107,fe30b85224316cabf19f5dd3223843437c297802,proto/src/main/java/com/google/gson/protobuf/ProtoTypeAdapter.java,ProtoTypeAdapter.java,271,clover
108,fe30b85224316cabf19f5dd3223843437c297802,metrics/src/main/java/com/google/gson/metrics/CollectionsDeserializationBenchmark.java,CollectionsDeserializationBenchmark.java,116,clover
109,fe30b85224316cabf19f5dd3223843437c297802,metrics/src/main/java/com/google/gson/metrics/BagOfPrimitivesDeserializationBenchmark.java,BagOfPrimitivesDeserializationBenchmark.java,102,clover
110,fe30b85224316cabf19f5dd3223843437c297802,gson/src/main/java/com/google/gson/internal/bind/TypeAdapters.java,TypeAdapters.java,739,clover
111,fe30b85224316cabf19f5dd3223843437c297802,gson/src/main/java/com/google/gson/internal/bind/ReflectiveTypeAdapterFactory.java,ReflectiveTypeAdapterFactory.java,151,clover
112,1cc16274235f89650349884dd04760bf15a95d96,proto/src/main/java/com/google/gson/protobuf/ProtoTypeAdapter.java,ProtoTypeAdapter.java,271,clover
113,1cc16274235f89650349884dd04760bf15a95d96,metrics/src/main/java/com/google/gson/metrics/CollectionsDeserializationBenchmark.java,CollectionsDeserializationBenchmark.java,116,clover
114,1cc16274235f89650349884dd04760bf15a95d96,metrics/src/main/java/com/google/gson/metrics/BagOfPrimitivesDeserializationBenchmark.java,BagOfPrimitivesDeserializationBenchmark.java,102,clover
115,1cc16274235f89650349884dd04760bf15a95d96,gson/src/main/java/com/google/gson/internal/bind/TypeAdapters.java,TypeAdapters.java,762,clover
116,1cc16274235f89650349884dd04760bf15a95d96,gson/src/main/java/com/google/gson/internal/bind/ReflectiveTypeAdapterFactory.java,ReflectiveTypeAdapterFactory.java,151,clover
117,7b9a283a7a5d66878c9be01227b15e631afe2a5a,proto/src/main/java/com/google/gson/protobuf/ProtoTypeAdapter.java,ProtoTypeAdapter.java,271,clover
118,7b9a283a7a5d66878c9be01227b15e631afe2a5a,metrics/src/main/java/com/google/gson/metrics/CollectionsDeserializationBenchmark.java,CollectionsDeserializationBenchmark.java,116,clover
119,7b9a283a7a5d66878c9be01227b15e631afe2a5a,metrics/src/main/java/com/google/gson/metrics/BagOfPrimitivesDeserializationBenchmark.java,BagOfPrimitivesDeserializationBenchmark.java,102,clover
120,7b9a283a7a5d66878c9be01227b15e631afe2a5a,gson/src/main/java/com/google/gson/internal/bind/TypeAdapters.java,TypeAdapters.java,762,clover
121,7b9a283a7a5d66878c9be01227b15e631afe2a5a,gson/src/main/java/com/google/gson/internal/bind/ReflectiveTypeAdapterFactory.java,ReflectiveTypeAdapterFactory.java,151,clover
122,7cfdf44893b74fb762757c37d14e441e98ab9663,proto/src/main/java/com/google/gson/protobuf/ProtoTypeAdapter.java,ProtoTypeAdapter.java,271,clover
123,7cfdf44893b74fb762757c37d14e441e98ab9663,metrics/src/main/java/com/google/gson/metrics/CollectionsDeserializationBenchmark.java,CollectionsDeserializationBenchmark.java,116,clover
124,7cfdf44893b74fb762757c37d14e441e98ab9663,metrics/src/main/java/com/google/gson/metrics/BagOfPrimitivesDeserializationBenchmark.java,BagOfPrimitivesDeserializationBenchmark.java,102,clover
125,7cfdf44893b74fb762757c37d14e441e98ab9663,gson/src/main/java/com/google/gson/internal/bind/TypeAdapters.java,TypeAdapters.java,762,clover
126,7cfdf44893b74fb762757c37d14e441e98ab9663,gson/src/main/java/com/google/gson/internal/bind/ReflectiveTypeAdapterFactory.java,ReflectiveTypeAdapterFactory.java,151,clover
127,b0f3237bb88141635c2cbc449f2cd632cbad20bf,proto/src/main/java/com/google/gson/protobuf/ProtoTypeAdapter.java,ProtoTypeAdapter.java,271,clover
128,b0f3237bb88141635c2cbc449f2cd632cbad20bf,metrics/src/main/java/com/google/gson/metrics/CollectionsDeserializationBenchmark.java,CollectionsDeserializationBenchmark.java,116,clover
129,b0f3237bb88141635c2cbc449f2cd632cbad20bf,metrics/src/main/java/com/google/gson/metrics/BagOfPrimitivesDeserializationBenchmark.java,BagOfPrimitivesDeserializationBenchmark.java,102,clover
130,b0f3237bb88141635c2cbc449f2cd632cbad20bf,gson/src/main/java/com/google/gson/internal/bind/TypeAdapters.java,TypeAdapters.java,762,clover
131,b0f3237bb88141635c2cbc449f2cd632cbad20bf,gson/src/main/java/com/google/gson/internal/bind/ReflectiveTypeAdapterFactory.java,ReflectiveTypeAdapterFactory.java,151,clover
132,3b7835a18b7ce999fe79ad12cd85014642f30968,proto/src/main/java/com/google/gson/protobuf/ProtoTypeAdapter.java,ProtoTypeAdapter.java,271,clover
133,3b7835a18b7ce999fe79ad12cd85014642f30968,metrics/src/main/java/com/google/gson/metrics/CollectionsDeserializationBenchmark.java,CollectionsDeserializationBenchmark.java,116,clover
134,3b7835a18b7ce999fe79ad12cd85014642f30968,metrics/src/main/java/com/google/gson/metrics/BagOfPrimitivesDeserializationBenchmark.java,BagOfPrimitivesDeserializationBenchmark.java,102,clover
135,3b7835a18b7ce999fe79ad12cd85014642f30968,gson/src/main/java/com/google/gson/internal/bind/TypeAdapters.java,TypeAdapters.java,762,clover
136,3b7835a18b7ce999fe79ad12cd85014642f30968,gson/src/main/java/com/google/gson/internal/bind/ReflectiveTypeAdapterFactory.java,ReflectiveTypeAdapterFactory.java,151,clover
137,aa5554e69a2d5ee7e557b3cc1f5d68275fd4c1ab,proto/src/main/java/com/google/gson/protobuf/ProtoTypeAdapter.java,ProtoTypeAdapter.java,271,clover
138,aa5554e69a2d5ee7e557b3cc1f5d68275fd4c1ab,metrics/src/main/java/com/google/gson/metrics/CollectionsDeserializationBenchmark.java,CollectionsDeserializationBenchmark.java,116,clover
139,aa5554e69a2d5ee7e557b3cc1f5d68275fd4c1ab,metrics/src/main/java/com/google/gson/metrics/BagOfPrimitivesDeserializationBenchmark.java,BagOfPrimitivesDeserializationBenchmark.java,102,clover
140,aa5554e69a2d5ee7e557b3cc1f5d68275fd4c1ab,gson/src/main/java/com/google/gson/internal/bind/TypeAdapters.java,TypeAdapters.java,762,clover
141,aa5554e69a2d5ee7e557b3cc1f5d68275fd4c1ab,gson/src/main/java/com/google/gson/internal/bind/ReflectiveTypeAdapterFactory.java,ReflectiveTypeAdapterFactory.java,151,clover
142,6a5e7753624dc2f1619137a7fbf0f89a160debdd,proto/src/main/java/com/google/gson/protobuf/ProtoTypeAdapter.java,ProtoTypeAdapter.java,271,clover
143,6a5e7753624dc2f1619137a7fbf0f89a160debdd,metrics/src/main/java/com/google/gson/metrics/CollectionsDeserializationBenchmark.java,CollectionsDeserializationBenchmark.java,116,clover
144,6a5e7753624dc2f1619137a7fbf0f89a160debdd,metrics/src/main/java/com/google/gson/metrics/BagOfPrimitivesDeserializationBenchmark.java,BagOfPrimitivesDeserializationBenchmark.java,102,clover
145,6a5e7753624dc2f1619137a7fbf0f89a160debdd,gson/src/main/java/com/google/gson/internal/bind/TypeAdapters.java,TypeAdapters.java,762,clover
146,6a5e7753624dc2f1619137a7fbf0f89a160debdd,gson/src/main/java/com/google/gson/internal/bind/ReflectiveTypeAdapterFactory.java,ReflectiveTypeAdapterFactory.java,151,clover
147,26a1928277f7eba70609f02697509ba9258dd8ef,proto/src/main/java/com/google/gson/protobuf/ProtoTypeAdapter.java,ProtoTypeAdapter.java,271,clover
148,26a1928277f7eba70609f02697509ba9258dd8ef,metrics/src/main/java/com/google/gson/metrics/CollectionsDeserializationBenchmark.java,CollectionsDeserializationBenchmark.java,116,clover
149,26a1928277f7eba70609f02697509ba9258dd8ef,metrics/src/main/java/com/google/gson/metrics/BagOfPrimitivesDeserializationBenchmark.java,BagOfPrimitivesDeserializationBenchmark.java,102,clover
150,26a1928277f7eba70609f02697509ba9258dd8ef,gson/src/main/java/com/google/gson/internal/bind/TypeAdapters.java,TypeAdapters.java,762,clover
151,26a1928277f7eba70609f02697509ba9258dd8ef,gson/src/main/java/com/google/gson/internal/bind/ReflectiveTypeAdapterFactory.java,ReflectiveTypeAdapterFactory.java,151,clover
152,f1f90313fc22c122a28716e7ecac1543e6fa253e,proto/src/main/java/com/google/gson/protobuf/ProtoTypeAdapter.java,ProtoTypeAdapter.java,271,clover
153,f1f90313fc22c122a28716e7ecac1543e6fa253e,metrics/src/main/java/com/google/gson/metrics/CollectionsDeserializationBenchmark.java,CollectionsDeserializationBenchmark.java,116,clover
154,f1f90313fc22c122a28716e7ecac1543e6fa253e,metrics/src/main/java/com/google/gson/metrics/BagOfPrimitivesDeserializationBenchmark.java,BagOfPrimitivesDeserializationBenchmark.java,102,clover
155,f1f90313fc22c122a28716e7ecac1543e6fa253e,gson/src/main/java/com/google/gson/internal/bind/TypeAdapters.java,TypeAdapters.java,762,clover
156,f1f90313fc22c122a28716e7ecac1543e6fa253e,gson/src/main/java/com/google/gson/internal/bind/ReflectiveTypeAdapterFactory.java,ReflectiveTypeAdapterFactory.java,151,clover
157,b82c76717b91b4f5ba79dd54383f8e59829a4597,proto/src/main/java/com/google/gson/protobuf/ProtoTypeAdapter.java,ProtoTypeAdapter.java,271,clover
158,b82c76717b91b4f5ba79dd54383f8e59829a4597,metrics/src/main/java/com/google/gson/metrics/CollectionsDeserializationBenchmark.java,CollectionsDeserializationBenchmark.java,116,clover
159,b82c76717b91b4f5ba79dd54383f8e59829a4597,metrics/src/main/java/com/google/gson/metrics/BagOfPrimitivesDeserializationBenchmark.java,BagOfPrimitivesDeserializationBenchmark.java,102,clover
160,b82c76717b91b4f5ba79dd54383f8e59829a4597,gson/src/main/java/com/google/gson/internal/bind/TypeAdapters.java,TypeAdapters.java,762,clover
161,b82c76717b91b4f5ba79dd54383f8e59829a4597,gson/src/main/java/com/google/gson/internal/bind/ReflectiveTypeAdapterFactory.java,ReflectiveTypeAdapterFactory.java,151,clover
162,ebe4b581ddc5adc0e3cab0d3a7f214691ecebf24,proto/src/main/java/com/google/gson/protobuf/ProtoTypeAdapter.java,ProtoTypeAdapter.java,271,clover
163,ebe4b581ddc5adc0e3cab0d3a7f214691ecebf24,metrics/src/main/java/com/google/gson/metrics/CollectionsDeserializationBenchmark.java,CollectionsDeserializationBenchmark.java,116,clover
164,ebe4b581ddc5adc0e3cab0d3a7f214691ecebf24,metrics/src/main/java/com/google/gson/metrics/BagOfPrimitivesDeserializationBenchmark.java,BagOfPrimitivesDeserializationBenchmark.java,102,clover
165,ebe4b581ddc5adc0e3cab0d3a7f214691ecebf24,gson/src/main/java/com/google/gson/internal/bind/TypeAdapters.java,TypeAdapters.java,762,clover
166,ebe4b581ddc5adc0e3cab0d3a7f214691ecebf24,gson/src/main/java/com/google/gson/internal/bind/ReflectiveTypeAdapterFactory.java,ReflectiveTypeAdapterFactory.java,151,clover
167,9484297fbbc357816af78ac60b776e9da05787b3,proto/src/main/java/com/google/gson/protobuf/ProtoTypeAdapter.java,ProtoTypeAdapter.java,271,clover
168,9484297fbbc357816af78ac60b776e9da05787b3,metrics/src/main/java/com/google/gson/metrics/CollectionsDeserializationBenchmark.java,CollectionsDeserializationBenchmark.java,116,clover
169,9484297fbbc357816af78ac60b776e9da05787b3,metrics/src/main/java/com/google/gson/metrics/BagOfPrimitivesDeserializationBenchmark.java,BagOfPrimitivesDeserializationBenchmark.java,102,clover
170,9484297fbbc357816af78ac60b776e9da05787b3,gson/src/main/java/com/google/gson/internal/bind/TypeAdapters.java,TypeAdapters.java,762,clover
171,9484297fbbc357816af78ac60b776e9da05787b3,gson/src/main/java/com/google/gson/internal/bind/ReflectiveTypeAdapterFactory.java,ReflectiveTypeAdapterFactory.java,151,clover
172,4f2aeaa2881aaa92bd4a026f9aa140f5196158cd,proto/src/main/java/com/google/gson/protobuf/ProtoTypeAdapter.java,ProtoTypeAdapter.java,271,clover
173,4f2aeaa2881aaa92bd4a026f9aa140f5196158cd,metrics/src/main/java/com/google/gson/metrics/CollectionsDeserializationBenchmark.java,CollectionsDeserializationBenchmark.java,116,clover
174,4f2aeaa2881aaa92bd4a026f9aa140f5196158cd,metrics/src/main/java/com/google/gson/metrics/BagOfPrimitivesDeserializationBenchmark.java,BagOfPrimitivesDeserializationBenchmark.java,102,clover
175,4f2aeaa2881aaa92bd4a026f9aa140f5196158cd,gson/src/main/java/com/google/gson/internal/bind/TypeAdapters.java,TypeAdapters.java,762,clover
176,4f2aeaa2881aaa92bd4a026f9aa140f5196158cd,gson/src/main/java/com/google/gson/internal/bind/ReflectiveTypeAdapterFactory.java,ReflectiveTypeAdapterFactory.java,151,clover
177,4bb67483f926a5a49d173e2fef1be5cfe58f1ea3,proto/src/main/java/com/google/gson/protobuf/ProtoTypeAdapter.java,ProtoTypeAdapter.java,271,clover
178,4bb67483f926a5a49d173e2fef1be5cfe58f1ea3,metrics/src/main/java/com/google/gson/metrics/CollectionsDeserializationBenchmark.java,CollectionsDeserializationBenchmark.java,116,clover
179,4bb67483f926a5a49d173e2fef1be5cfe58f1ea3,metrics/src/main/java/com/google/gson/metrics/BagOfPrimitivesDeserializationBenchmark.java,BagOfPrimitivesDeserializationBenchmark.java,102,clover
180,4bb67483f926a5a49d173e2fef1be5cfe58f1ea3,gson/src/main/java/com/google/gson/internal/bind/TypeAdapters.java,TypeAdapters.java,762,clover
181,4bb67483f926a5a49d173e2fef1be5cfe58f1ea3,gson/src/main/java/com/google/gson/internal/bind/ReflectiveTypeAdapterFactory.java,ReflectiveTypeAdapterFactory.java,151,clover
182,c8f26dc907515b40dd2ddb471ee1d6cc097d0e8b,proto/src/main/java/com/google/gson/protobuf/ProtoTypeAdapter.java,ProtoTypeAdapter.java,271,clover
183,c8f26dc907515b40dd2ddb471ee1d6cc097d0e8b,metrics/src/main/java/com/google/gson/metrics/CollectionsDeserializationBenchmark.java,CollectionsDeserializationBenchmark.java,116,clover
184,c8f26dc907515b40dd2ddb471ee1d6cc097d0e8b,metrics/src/main/java/com/google/gson/metrics/BagOfPrimitivesDeserializationBenchmark.java,BagOfPrimitivesDeserializationBenchmark.java,102,clover
185,c8f26dc907515b40dd2ddb471ee1d6cc097d0e8b,gson/src/main/java/com/google/gson/internal/bind/TypeAdapters.java,TypeAdapters.java,762,clover
186,c8f26dc907515b40dd2ddb471ee1d6cc097d0e8b,gson/src/main/java/com/google/gson/internal/bind/ReflectiveTypeAdapterFactory.java,ReflectiveTypeAdapterFactory.java,151,clover
187,1a2e58a42f7eeb011293f5ab4dd40da9f5e39ee1,proto/src/main/java/com/google/gson/protobuf/ProtoTypeAdapter.java,ProtoTypeAdapter.java,271,clover
188,1a2e58a42f7eeb011293f5ab4dd40da9f5e39ee1,metrics/src/main/java/com/google/gson/metrics/CollectionsDeserializationBenchmark.java,CollectionsDeserializationBenchmark.java,116,clover
189,1a2e58a42f7eeb011293f5ab4dd40da9f5e39ee1,metrics/src/main/java/com/google/gson/metrics/BagOfPrimitivesDeserializationBenchmark.java,BagOfPrimitivesDeserializationBenchmark.java,102,clover
190,1a2e58a42f7eeb011293f5ab4dd40da9f5e39ee1,gson/src/main/java/com/google/gson/internal/bind/TypeAdapters.java,TypeAdapters.java,762,clover
191,1a2e58a42f7eeb011293f5ab4dd40da9f5e39ee1,gson/src/main/java/com/google/gson/internal/bind/ReflectiveTypeAdapterFactory.java,ReflectiveTypeAdapterFactory.java,151,clover
192,66fd2acdcf7d2c4f38afba3595e509df8651f2c5,proto/src/main/java/com/google/gson/protobuf/ProtoTypeAdapter.java,ProtoTypeAdapter.java,271,clover
193,66fd2acdcf7d2c4f38afba3595e509df8651f2c5,metrics/src/main/java/com/google/gson/metrics/CollectionsDeserializationBenchmark.java,CollectionsDeserializationBenchmark.java,116,clover
194,66fd2acdcf7d2c4f38afba3595e509df8651f2c5,metrics/src/main/java/com/google/gson/metrics/BagOfPrimitivesDeserializationBenchmark.java,BagOfPrimitivesDeserializationBenchmark.java,102,clover
195,66fd2acdcf7d2c4f38afba3595e509df8651f2c5,gson/src/main/java/com/google/gson/internal/bind/TypeAdapters.java,TypeAdapters.java,762,clover
196,66fd2acdcf7d2c4f38afba3595e509df8651f2c5,gson/src/main/java/com/google/gson/internal/bind/ReflectiveTypeAdapterFactory.java,ReflectiveTypeAdapterFactory.java,151,clover
197,ac14b4c197382810601574f1defd995842d7bfd7,proto/src/main/java/com/google/gson/protobuf/ProtoTypeAdapter.java,ProtoTypeAdapter.java,271,clover
198,ac14b4c197382810601574f1defd995842d7bfd7,metrics/src/main/java/com/google/gson/metrics/CollectionsDeserializationBenchmark.java,CollectionsDeserializationBenchmark.java,116,clover
199,ac14b4c197382810601574f1defd995842d7bfd7,metrics/src/main/java/com/google/gson/metrics/BagOfPrimitivesDeserializationBenchmark.java,BagOfPrimitivesDeserializationBenchmark.java,102,clover
200,ac14b4c197382810601574f1defd995842d7bfd7,gson/src/main/java/com/google/gson/internal/bind/TypeAdapters.java,TypeAdapters.java,762,clover
201,ac14b4c197382810601574f1defd995842d7bfd7,gson/src/main/java/com/google/gson/internal/bind/ReflectiveTypeAdapterFactory.java,ReflectiveTypeAdapterFactory.java,151,clover
202,62a97023852f879eb5819c3ef0fb7e7fdda51bc7,proto/src/main/java/com/google/gson/protobuf/ProtoTypeAdapter.java,ProtoTypeAdapter.java,271,clover
203,62a97023852f879eb5819c3ef0fb7e7fdda51bc7,metrics/src/main/java/com/google/gson/metrics/CollectionsDeserializationBenchmark.java,CollectionsDeserializationBenchmark.java,116,clover
204,62a97023852f879eb5819c3ef0fb7e7fdda51bc7,metrics/src/main/java/com/google/gson/metrics/BagOfPrimitivesDeserializationBenchmark.java,BagOfPrimitivesDeserializationBenchmark.java,102,clover
205,62a97023852f879eb5819c3ef0fb7e7fdda51bc7,gson/src/main/java/com/google/gson/internal/bind/TypeAdapters.java,TypeAdapters.java,762,clover
206,62a97023852f879eb5819c3ef0fb7e7fdda51bc7,gson/src/main/java/com/google/gson/internal/bind/ReflectiveTypeAdapterFactory.java,ReflectiveTypeAdapterFactory.java,151,clover
207,03be83591467afc368608e80a03f9d6a0e9720fd,proto/src/main/java/com/google/gson/protobuf/ProtoTypeAdapter.java,ProtoTypeAdapter.java,271,clover
208,03be83591467afc368608e80a03f9d6a0e9720fd,metrics/src/main/java/com/google/gson/metrics/CollectionsDeserializationBenchmark.java,CollectionsDeserializationBenchmark.java,116,clover
209,03be83591467afc368608e80a03f9d6a0e9720fd,metrics/src/main/java/com/google/gson/metrics/BagOfPrimitivesDeserializationBenchmark.java,BagOfPrimitivesDeserializationBenchmark.java,102,clover
210,03be83591467afc368608e80a03f9d6a0e9720fd,gson/src/main/java/com/google/gson/internal/bind/TypeAdapters.java,TypeAdapters.java,781,clover
211,03be83591467afc368608e80a03f9d6a0e9720fd,gson/src/main/java/com/google/gson/internal/bind/ReflectiveTypeAdapterFactory.java,ReflectiveTypeAdapterFactory.java,151,clover
212,b2f661166f788185d5c3e5b588d0951c52ec2119,proto/src/main/java/com/google/gson/protobuf/ProtoTypeAdapter.java,ProtoTypeAdapter.java,271,clover
213,b2f661166f788185d5c3e5b588d0951c52ec2119,metrics/src/main/java/com/google/gson/metrics/CollectionsDeserializationBenchmark.java,CollectionsDeserializationBenchmark.java,116,clover
214,b2f661166f788185d5c3e5b588d0951c52ec2119,metrics/src/main/java/com/google/gson/metrics/BagOfPrimitivesDeserializationBenchmark.java,BagOfPrimitivesDeserializationBenchmark.java,102,clover
215,b2f661166f788185d5c3e5b588d0951c52ec2119,gson/src/main/java/com/google/gson/internal/bind/TypeAdapters.java,TypeAdapters.java,781,clover
216,b2f661166f788185d5c3e5b588d0951c52ec2119,gson/src/main/java/com/google/gson/internal/bind/ReflectiveTypeAdapterFactory.java,ReflectiveTypeAdapterFactory.java,151,clover
217,b41030d3dc965eca1b0a0f1c35ce185dd8e80e99,proto/src/main/java/com/google/gson/protobuf/ProtoTypeAdapter.java,ProtoTypeAdapter.java,271,clover
218,b41030d3dc965eca1b0a0f1c35ce185dd8e80e99,metrics/src/main/java/com/google/gson/metrics/CollectionsDeserializationBenchmark.java,CollectionsDeserializationBenchmark.java,116,clover
219,b41030d3dc965eca1b0a0f1c35ce185dd8e80e99,metrics/src/main/java/com/google/gson/metrics/BagOfPrimitivesDeserializationBenchmark.java,BagOfPrimitivesDeserializationBenchmark.java,102,clover
220,b41030d3dc965eca1b0a0f1c35ce185dd8e80e99,gson/src/main/java/com/google/gson/internal/bind/TypeAdapters.java,TypeAdapters.java,781,clover
221,b41030d3dc965eca1b0a0f1c35ce185dd8e80e99,gson/src/main/java/com/google/gson/internal/bind/ReflectiveTypeAdapterFactory.java,ReflectiveTypeAdapterFactory.java,151,clover
222,205df01c047ecc03cf217f17e2030852a4ac96be,proto/src/main/java/com/google/gson/protobuf/ProtoTypeAdapter.java,ProtoTypeAdapter.java,271,clover
223,205df01c047ecc03cf217f17e2030852a4ac96be,metrics/src/main/java/com/google/gson/metrics/CollectionsDeserializationBenchmark.java,CollectionsDeserializationBenchmark.java,116,clover
224,205df01c047ecc03cf217f17e2030852a4ac96be,metrics/src/main/java/com/google/gson/metrics/BagOfPrimitivesDeserializationBenchmark.java,BagOfPrimitivesDeserializationBenchmark.java,102,clover
225,205df01c047ecc03cf217f17e2030852a4ac96be,gson/src/main/java/com/google/gson/internal/bind/TypeAdapters.java,TypeAdapters.java,781,clover
226,205df01c047ecc03cf217f17e2030852a4ac96be,gson/src/main/java/com/google/gson/internal/bind/ReflectiveTypeAdapterFactory.java,ReflectiveTypeAdapterFactory.java,151,clover
227,f98dabd1e966c97aa88ee74d587eb1ea810e39b3,proto/src/main/java/com/google/gson/protobuf/ProtoTypeAdapter.java,ProtoTypeAdapter.java,271,clover
228,f98dabd1e966c97aa88ee74d587eb1ea810e39b3,metrics/src/main/java/com/google/gson/metrics/CollectionsDeserializationBenchmark.java,CollectionsDeserializationBenchmark.java,116,clover
229,f98dabd1e966c97aa88ee74d587eb1ea810e39b3,metrics/src/main/java/com/google/gson/metrics/BagOfPrimitivesDeserializationBenchmark.java,BagOfPrimitivesDeserializationBenchmark.java,102,clover
230,f98dabd1e966c97aa88ee74d587eb1ea810e39b3,gson/src/main/java/com/google/gson/internal/bind/TypeAdapters.java,TypeAdapters.java,781,clover
231,f98dabd1e966c97aa88ee74d587eb1ea810e39b3,gson/src/main/java/com/google/gson/internal/bind/ReflectiveTypeAdapterFactory.java,ReflectiveTypeAdapterFactory.java,151,clover
232,01ab13f701e6db84bdf37f602ef7af3c8d5c2f35,proto/src/main/java/com/google/gson/protobuf/ProtoTypeAdapter.java,ProtoTypeAdapter.java,271,clover
233,01ab13f701e6db84bdf37f602ef7af3c8d5c2f35,metrics/src/main/java/com/google/gson/metrics/CollectionsDeserializationBenchmark.java,CollectionsDeserializationBenchmark.java,116,clover
234,01ab13f701e6db84bdf37f602ef7af3c8d5c2f35,metrics/src/main/java/com/google/gson/metrics/BagOfPrimitivesDeserializationBenchmark.java,BagOfPrimitivesDeserializationBenchmark.java,102,clover
235,01ab13f701e6db84bdf37f602ef7af3c8d5c2f35,gson/src/main/java/com/google/gson/internal/bind/ReflectiveTypeAdapterFactory.java,ReflectiveTypeAdapterFactory.java,151,clover
236,d3a75cb56937d687a66c8710e40c2da6223db0c3,proto/src/main/java/com/google/gson/protobuf/ProtoTypeAdapter.java,ProtoTypeAdapter.java,271,clover
237,d3a75cb56937d687a66c8710e40c2da6223db0c3,metrics/src/main/java/com/google/gson/metrics/CollectionsDeserializationBenchmark.java,CollectionsDeserializationBenchmark.java,116,clover
238,d3a75cb56937d687a66c8710e40c2da6223db0c3,metrics/src/main/java/com/google/gson/metrics/BagOfPrimitivesDeserializationBenchmark.java,BagOfPrimitivesDeserializationBenchmark.java,102,clover
239,d3a75cb56937d687a66c8710e40c2da6223db0c3,gson/src/main/java/com/google/gson/internal/bind/TypeAdapters.java,TypeAdapters.java,781,clover
240,d3a75cb56937d687a66c8710e40c2da6223db0c3,gson/src/main/java/com/google/gson/internal/bind/ReflectiveTypeAdapterFactory.java,ReflectiveTypeAdapterFactory.java,151,clover
241,da2bfd7d1c0462547cb470d992a861987f3cca16,proto/src/main/java/com/google/gson/protobuf/ProtoTypeAdapter.java,ProtoTypeAdapter.java,271,clover
242,da2bfd7d1c0462547cb470d992a861987f3cca16,metrics/src/main/java/com/google/gson/metrics/CollectionsDeserializationBenchmark.java,CollectionsDeserializationBenchmark.java,116,clover
243,da2bfd7d1c0462547cb470d992a861987f3cca16,metrics/src/main/java/com/google/gson/metrics/BagOfPrimitivesDeserializationBenchmark.java,BagOfPrimitivesDeserializationBenchmark.java,102,clover
244,da2bfd7d1c0462547cb470d992a861987f3cca16,gson/src/main/java/com/google/gson/internal/bind/TypeAdapters.java,TypeAdapters.java,781,clover
245,da2bfd7d1c0462547cb470d992a861987f3cca16,gson/src/main/java/com/google/gson/internal/bind/ReflectiveTypeAdapterFactory.java,ReflectiveTypeAdapterFactory.java,151,clover
246,b7fce3850d6508ad18500abf3aac1354d277798d,proto/src/main/java/com/google/gson/protobuf/ProtoTypeAdapter.java,ProtoTypeAdapter.java,271,clover
247,b7fce3850d6508ad18500abf3aac1354d277798d,metrics/src/main/java/com/google/gson/metrics/CollectionsDeserializationBenchmark.java,CollectionsDeserializationBenchmark.java,116,clover
248,b7fce3850d6508ad18500abf3aac1354d277798d,metrics/src/main/java/com/google/gson/metrics/BagOfPrimitivesDeserializationBenchmark.java,BagOfPrimitivesDeserializationBenchmark.java,102,clover
249,b7fce3850d6508ad18500abf3aac1354d277798d,gson/src/main/java/com/google/gson/internal/bind/TypeAdapters.java,TypeAdapters.java,781,clover
250,b7fce3850d6508ad18500abf3aac1354d277798d,gson/src/main/java/com/google/gson/internal/bind/ReflectiveTypeAdapterFactory.java,ReflectiveTypeAdapterFactory.java,151,clover
251,178b221fa0dfc26bf27331e7ef6da9657bde1fdf,proto/src/main/java/com/google/gson/protobuf/ProtoTypeAdapter.java,ProtoTypeAdapter.java,271,clover
252,178b221fa0dfc26bf27331e7ef6da9657bde1fdf,metrics/src/main/java/com/google/gson/metrics/CollectionsDeserializationBenchmark.java,CollectionsDeserializationBenchmark.java,116,clover
253,178b221fa0dfc26bf27331e7ef6da9657bde1fdf,metrics/src/main/java/com/google/gson/metrics/BagOfPrimitivesDeserializationBenchmark.java,BagOfPrimitivesDeserializationBenchmark.java,102,clover
254,178b221fa0dfc26bf27331e7ef6da9657bde1fdf,gson/src/main/java/com/google/gson/internal/bind/TypeAdapters.java,TypeAdapters.java,781,clover
255,178b221fa0dfc26bf27331e7ef6da9657bde1fdf,gson/src/main/java/com/google/gson/internal/bind/ReflectiveTypeAdapterFactory.java,ReflectiveTypeAdapterFactory.java,151,clover
256,d8c5fcf00bdd3170365e92e43880021031c7d005,proto/src/main/java/com/google/gson/protobuf/ProtoTypeAdapter.java,ProtoTypeAdapter.java,271,clover
257,d8c5fcf00bdd3170365e92e43880021031c7d005,metrics/src/main/java/com/google/gson/metrics/CollectionsDeserializationBenchmark.java,CollectionsDeserializationBenchmark.java,116,clover
258,d8c5fcf00bdd3170365e92e43880021031c7d005,metrics/src/main/java/com/google/gson/metrics/BagOfPrimitivesDeserializationBenchmark.java,BagOfPrimitivesDeserializationBenchmark.java,102,clover
259,d8c5fcf00bdd3170365e92e43880021031c7d005,gson/src/main/java/com/google/gson/internal/bind/TypeAdapters.java,TypeAdapters.java,781,clover
260,d8c5fcf00bdd3170365e92e43880021031c7d005,gson/src/main/java/com/google/gson/internal/bind/ReflectiveTypeAdapterFactory.java,ReflectiveTypeAdapterFactory.java,151,clover
261,59a8aedb37ae35d4d2a4306c92efd463fffaaf69,proto/src/main/java/com/google/gson/protobuf/ProtoTypeAdapter.java,ProtoTypeAdapter.java,271,clover
262,59a8aedb37ae35d4d2a4306c92efd463fffaaf69,metrics/src/main/java/com/google/gson/metrics/CollectionsDeserializationBenchmark.java,CollectionsDeserializationBenchmark.java,116,clover
263,59a8aedb37ae35d4d2a4306c92efd463fffaaf69,metrics/src/main/java/com/google/gson/metrics/BagOfPrimitivesDeserializationBenchmark.java,BagOfPrimitivesDeserializationBenchmark.java,102,clover
264,59a8aedb37ae35d4d2a4306c92efd463fffaaf69,gson/src/main/java/com/google/gson/internal/bind/TypeAdapters.java,TypeAdapters.java,781,clover
265,59a8aedb37ae35d4d2a4306c92efd463fffaaf69,gson/src/main/java/com/google/gson/internal/bind/ReflectiveTypeAdapterFactory.java,ReflectiveTypeAdapterFactory.java,151,clover
266,20720d6a400eaea63c44f088479daea426e2de99,proto/src/main/java/com/google/gson/protobuf/ProtoTypeAdapter.java,ProtoTypeAdapter.java,271,clover
267,20720d6a400eaea63c44f088479daea426e2de99,metrics/src/main/java/com/google/gson/metrics/CollectionsDeserializationBenchmark.java,CollectionsDeserializationBenchmark.java,116,clover
268,20720d6a400eaea63c44f088479daea426e2de99,metrics/src/main/java/com/google/gson/metrics/BagOfPrimitivesDeserializationBenchmark.java,BagOfPrimitivesDeserializationBenchmark.java,102,clover
269,20720d6a400eaea63c44f088479daea426e2de99,gson/src/main/java/com/google/gson/internal/bind/TypeAdapters.java,TypeAdapters.java,779,clover
270,20720d6a400eaea63c44f088479daea426e2de99,gson/src/main/java/com/google/gson/internal/bind/ReflectiveTypeAdapterFactory.java,ReflectiveTypeAdapterFactory.java,151,clover
271,6ac9f7d8400851fa3d0a136817e880126de9840b,proto/src/main/java/com/google/gson/protobuf/ProtoTypeAdapter.java,ProtoTypeAdapter.java,271,clover
272,6ac9f7d8400851fa3d0a136817e880126de9840b,metrics/src/main/java/com/google/gson/metrics/CollectionsDeserializationBenchmark.java,CollectionsDeserializationBenchmark.java,116,clover
273,6ac9f7d8400851fa3d0a136817e880126de9840b,metrics/src/main/java/com/google/gson/metrics/BagOfPrimitivesDeserializationBenchmark.java,BagOfPrimitivesDeserializationBenchmark.java,102,clover
274,6ac9f7d8400851fa3d0a136817e880126de9840b,gson/src/main/java/com/google/gson/internal/bind/TypeAdapters.java,TypeAdapters.java,779,clover
275,6ac9f7d8400851fa3d0a136817e880126de9840b,gson/src/main/java/com/google/gson/internal/bind/ReflectiveTypeAdapterFactory.java,ReflectiveTypeAdapterFactory.java,151,clover
276,92a98dab02891af20913c07b4172614ca81b64b6,proto/src/main/java/com/google/gson/protobuf/ProtoTypeAdapter.java,ProtoTypeAdapter.java,271,clover
277,92a98dab02891af20913c07b4172614ca81b64b6,metrics/src/main/java/com/google/gson/metrics/CollectionsDeserializationBenchmark.java,CollectionsDeserializationBenchmark.java,116,clover
278,92a98dab02891af20913c07b4172614ca81b64b6,metrics/src/main/java/com/google/gson/metrics/BagOfPrimitivesDeserializationBenchmark.java,BagOfPrimitivesDeserializationBenchmark.java,102,clover
279,92a98dab02891af20913c07b4172614ca81b64b6,gson/src/main/java/com/google/gson/internal/bind/TypeAdapters.java,TypeAdapters.java,779,clover
280,92a98dab02891af20913c07b4172614ca81b64b6,gson/src/main/java/com/google/gson/internal/bind/ReflectiveTypeAdapterFactory.java,ReflectiveTypeAdapterFactory.java,151,clover
281,e99a4b1cb721d8153c4cf9659571fe7ea352799b,proto/src/main/java/com/google/gson/protobuf/ProtoTypeAdapter.java,ProtoTypeAdapter.java,271,clover
282,e99a4b1cb721d8153c4cf9659571fe7ea352799b,metrics/src/main/java/com/google/gson/metrics/CollectionsDeserializationBenchmark.java,CollectionsDeserializationBenchmark.java,116,clover
283,e99a4b1cb721d8153c4cf9659571fe7ea352799b,metrics/src/main/java/com/google/gson/metrics/BagOfPrimitivesDeserializationBenchmark.java,BagOfPrimitivesDeserializationBenchmark.java,102,clover
284,e99a4b1cb721d8153c4cf9659571fe7ea352799b,gson/src/main/java/com/google/gson/internal/bind/TypeAdapters.java,TypeAdapters.java,779,clover
285,e99a4b1cb721d8153c4cf9659571fe7ea352799b,gson/src/main/java/com/google/gson/internal/bind/ReflectiveTypeAdapterFactory.java,ReflectiveTypeAdapterFactory.java,151,clover
286,1406477d0cd37e8d5d04e619ac349f0a6da614e3,proto/src/main/java/com/google/gson/protobuf/ProtoTypeAdapter.java,ProtoTypeAdapter.java,271,clover
287,1406477d0cd37e8d5d04e619ac349f0a6da614e3,metrics/src/main/java/com/google/gson/metrics/CollectionsDeserializationBenchmark.java,CollectionsDeserializationBenchmark.java,116,clover
288,1406477d0cd37e8d5d04e619ac349f0a6da614e3,metrics/src/main/java/com/google/gson/metrics/BagOfPrimitivesDeserializationBenchmark.java,BagOfPrimitivesDeserializationBenchmark.java,102,clover
289,1406477d0cd37e8d5d04e619ac349f0a6da614e3,gson/src/main/java/com/google/gson/internal/bind/TypeAdapters.java,TypeAdapters.java,779,clover
290,1406477d0cd37e8d5d04e619ac349f0a6da614e3,gson/src/main/java/com/google/gson/internal/bind/ReflectiveTypeAdapterFactory.java,ReflectiveTypeAdapterFactory.java,151,clover
291,7988fbfa9047f4373bd382efb1b5add660e28cfd,proto/src/main/java/com/google/gson/protobuf/ProtoTypeAdapter.java,ProtoTypeAdapter.java,271,clover
292,7988fbfa9047f4373bd382efb1b5add660e28cfd,metrics/src/main/java/com/google/gson/metrics/CollectionsDeserializationBenchmark.java,CollectionsDeserializationBenchmark.java,116,clover
293,7988fbfa9047f4373bd382efb1b5add660e28cfd,metrics/src/main/java/com/google/gson/metrics/BagOfPrimitivesDeserializationBenchmark.java,BagOfPrimitivesDeserializationBenchmark.java,102,clover
294,7988fbfa9047f4373bd382efb1b5add660e28cfd,gson/src/main/java/com/google/gson/internal/bind/TypeAdapters.java,TypeAdapters.java,779,clover
295,7988fbfa9047f4373bd382efb1b5add660e28cfd,gson/src/main/java/com/google/gson/internal/bind/ReflectiveTypeAdapterFactory.java,ReflectiveTypeAdapterFactory.java,151,clover
296,94f894cf44bb908c1dc9b5d7f0a10185a80dc7f8,proto/src/main/java/com/google/gson/protobuf/ProtoTypeAdapter.java,ProtoTypeAdapter.java,271,clover
297,94f894cf44bb908c1dc9b5d7f0a10185a80dc7f8,metrics/src/main/java/com/google/gson/metrics/CollectionsDeserializationBenchmark.java,CollectionsDeserializationBenchmark.java,116,clover
298,94f894cf44bb908c1dc9b5d7f0a10185a80dc7f8,metrics/src/main/java/com/google/gson/metrics/BagOfPrimitivesDeserializationBenchmark.java,BagOfPrimitivesDeserializationBenchmark.java,102,clover
299,94f894cf44bb908c1dc9b5d7f0a10185a80dc7f8,gson/src/main/java/com/google/gson/internal/bind/TypeAdapters.java,TypeAdapters.java,779,clover
300,94f894cf44bb908c1dc9b5d7f0a10185a80dc7f8,gson/src/main/java/com/google/gson/internal/bind/ReflectiveTypeAdapterFactory.java,ReflectiveTypeAdapterFactory.java,151,clover
301,68f99f2440e93b1f80b241ea575929ffa79b9513,proto/src/main/java/com/google/gson/protobuf/ProtoTypeAdapter.java,ProtoTypeAdapter.java,271,clover
302,68f99f2440e93b1f80b241ea575929ffa79b9513,metrics/src/main/java/com/google/gson/metrics/CollectionsDeserializationBenchmark.java,CollectionsDeserializationBenchmark.java,116,clover
303,68f99f2440e93b1f80b241ea575929ffa79b9513,metrics/src/main/java/com/google/gson/metrics/BagOfPrimitivesDeserializationBenchmark.java,BagOfPrimitivesDeserializationBenchmark.java,102,clover
304,68f99f2440e93b1f80b241ea575929ffa79b9513,gson/src/main/java/com/google/gson/internal/bind/TypeAdapters.java,TypeAdapters.java,779,clover
305,68f99f2440e93b1f80b241ea575929ffa79b9513,gson/src/main/java/com/google/gson/internal/bind/ReflectiveTypeAdapterFactory.java,ReflectiveTypeAdapterFactory.java,151,clover
306,425cb25549ae83082b5e1ba4dfbc3bb635a15faf,proto/src/main/java/com/google/gson/protobuf/ProtoTypeAdapter.java,ProtoTypeAdapter.java,271,clover
307,425cb25549ae83082b5e1ba4dfbc3bb635a15faf,metrics/src/main/java/com/google/gson/metrics/CollectionsDeserializationBenchmark.java,CollectionsDeserializationBenchmark.java,116,clover
308,425cb25549ae83082b5e1ba4dfbc3bb635a15faf,metrics/src/main/java/com/google/gson/metrics/BagOfPrimitivesDeserializationBenchmark.java,BagOfPrimitivesDeserializationBenchmark.java,102,clover
309,425cb25549ae83082b5e1ba4dfbc3bb635a15faf,gson/src/main/java/com/google/gson/internal/bind/ReflectiveTypeAdapterFactory.java,ReflectiveTypeAdapterFactory.java,151,clover
310,2d1981d39bfcadfeac553582494abaec2fc5d737,proto/src/main/java/com/google/gson/protobuf/ProtoTypeAdapter.java,ProtoTypeAdapter.java,271,clover
311,2d1981d39bfcadfeac553582494abaec2fc5d737,metrics/src/main/java/com/google/gson/metrics/CollectionsDeserializationBenchmark.java,CollectionsDeserializationBenchmark.java,116,clover
312,2d1981d39bfcadfeac553582494abaec2fc5d737,metrics/src/main/java/com/google/gson/metrics/BagOfPrimitivesDeserializationBenchmark.java,BagOfPrimitivesDeserializationBenchmark.java,102,clover
313,2d1981d39bfcadfeac553582494abaec2fc5d737,gson/src/main/java/com/google/gson/internal/bind/ReflectiveTypeAdapterFactory.java,ReflectiveTypeAdapterFactory.java,151,clover
314,55115a5ca259787ce8d4deb7952d198f50591f92,proto/src/main/java/com/google/gson/protobuf/ProtoTypeAdapter.java,ProtoTypeAdapter.java,271,clover
315,55115a5ca259787ce8d4deb7952d198f50591f92,metrics/src/main/java/com/google/gson/metrics/CollectionsDeserializationBenchmark.java,CollectionsDeserializationBenchmark.java,116,clover
316,55115a5ca259787ce8d4deb7952d198f50591f92,metrics/src/main/java/com/google/gson/metrics/BagOfPrimitivesDeserializationBenchmark.java,BagOfPrimitivesDeserializationBenchmark.java,102,clover
317,55115a5ca259787ce8d4deb7952d198f50591f92,gson/src/main/java/com/google/gson/internal/bind/ReflectiveTypeAdapterFactory.java,ReflectiveTypeAdapterFactory.java,151,clover
318,812b9c08e373240d69e0dd99a8d08fd47c53b48e,proto/src/main/java/com/google/gson/protobuf/ProtoTypeAdapter.java,ProtoTypeAdapter.java,271,clover
319,812b9c08e373240d69e0dd99a8d08fd47c53b48e,metrics/src/main/java/com/google/gson/metrics/CollectionsDeserializationBenchmark.java,CollectionsDeserializationBenchmark.java,116,clover
320,812b9c08e373240d69e0dd99a8d08fd47c53b48e,metrics/src/main/java/com/google/gson/metrics/BagOfPrimitivesDeserializationBenchmark.java,BagOfPrimitivesDeserializationBenchmark.java,102,clover
321,812b9c08e373240d69e0dd99a8d08fd47c53b48e,gson/src/main/java/com/google/gson/internal/bind/ReflectiveTypeAdapterFactory.java,ReflectiveTypeAdapterFactory.java,151,clover
322,45c0bd96f08ce60baaacc339138a2a2c97b953a6,proto/src/main/java/com/google/gson/protobuf/ProtoTypeAdapter.java,ProtoTypeAdapter.java,271,clover
323,45c0bd96f08ce60baaacc339138a2a2c97b953a6,metrics/src/main/java/com/google/gson/metrics/CollectionsDeserializationBenchmark.java,CollectionsDeserializationBenchmark.java,116,clover
324,45c0bd96f08ce60baaacc339138a2a2c97b953a6,metrics/src/main/java/com/google/gson/metrics/BagOfPrimitivesDeserializationBenchmark.java,BagOfPrimitivesDeserializationBenchmark.java,102,clover
325,45c0bd96f08ce60baaacc339138a2a2c97b953a6,gson/src/main/java/com/google/gson/internal/bind/ReflectiveTypeAdapterFactory.java,ReflectiveTypeAdapterFactory.java,151,clover
326,dadbdbb837dcff4bd0519c8977d6c3a3c959b438,proto/src/main/java/com/google/gson/protobuf/ProtoTypeAdapter.java,ProtoTypeAdapter.java,271,clover
327,dadbdbb837dcff4bd0519c8977d6c3a3c959b438,metrics/src/main/java/com/google/gson/metrics/CollectionsDeserializationBenchmark.java,CollectionsDeserializationBenchmark.java,116,clover
328,dadbdbb837dcff4bd0519c8977d6c3a3c959b438,metrics/src/main/java/com/google/gson/metrics/BagOfPrimitivesDeserializationBenchmark.java,BagOfPrimitivesDeserializationBenchmark.java,102,clover
329,dadbdbb837dcff4bd0519c8977d6c3a3c959b438,gson/src/main/java/com/google/gson/internal/bind/ReflectiveTypeAdapterFactory.java,ReflectiveTypeAdapterFactory.java,151,clover
330,4520489c29e770c64b11ca35e0a0fdf17a1874ab,proto/src/main/java/com/google/gson/protobuf/ProtoTypeAdapter.java,ProtoTypeAdapter.java,271,clover
331,4520489c29e770c64b11ca35e0a0fdf17a1874ab,metrics/src/main/java/com/google/gson/metrics/CollectionsDeserializationBenchmark.java,CollectionsDeserializationBenchmark.java,116,clover
332,4520489c29e770c64b11ca35e0a0fdf17a1874ab,metrics/src/main/java/com/google/gson/metrics/BagOfPrimitivesDeserializationBenchmark.java,BagOfPrimitivesDeserializationBenchmark.java,102,clover
333,4520489c29e770c64b11ca35e0a0fdf17a1874ab,gson/src/main/java/com/google/gson/internal/bind/ReflectiveTypeAdapterFactory.java,ReflectiveTypeAdapterFactory.java,151,clover
334,fa4a17756d0e54aaad6e8c33054ff64f8e74cd09,proto/src/main/java/com/google/gson/protobuf/ProtoTypeAdapter.java,ProtoTypeAdapter.java,271,clover
335,fa4a17756d0e54aaad6e8c33054ff64f8e74cd09,metrics/src/main/java/com/google/gson/metrics/CollectionsDeserializationBenchmark.java,CollectionsDeserializationBenchmark.java,116,clover
336,fa4a17756d0e54aaad6e8c33054ff64f8e74cd09,metrics/src/main/java/com/google/gson/metrics/BagOfPrimitivesDeserializationBenchmark.java,BagOfPrimitivesDeserializationBenchmark.java,102,clover
337,fa4a17756d0e54aaad6e8c33054ff64f8e74cd09,gson/src/main/java/com/google/gson/internal/bind/ReflectiveTypeAdapterFactory.java,ReflectiveTypeAdapterFactory.java,151,clover
338,d4fb033a472c338814f4159d6602aef561f393f1,proto/src/main/java/com/google/gson/protobuf/ProtoTypeAdapter.java,ProtoTypeAdapter.java,271,clover
339,d4fb033a472c338814f4159d6602aef561f393f1,metrics/src/main/java/com/google/gson/metrics/CollectionsDeserializationBenchmark.java,CollectionsDeserializationBenchmark.java,116,clover
340,d4fb033a472c338814f4159d6602aef561f393f1,metrics/src/main/java/com/google/gson/metrics/BagOfPrimitivesDeserializationBenchmark.java,BagOfPrimitivesDeserializationBenchmark.java,102,clover
341,d4fb033a472c338814f4159d6602aef561f393f1,gson/src/main/java/com/google/gson/internal/bind/ReflectiveTypeAdapterFactory.java,ReflectiveTypeAdapterFactory.java,151,clover
342,05a25a1ef242520bef0e4f9a64e319f3af687e69,proto/src/main/java/com/google/gson/protobuf/ProtoTypeAdapter.java,ProtoTypeAdapter.java,271,clover
343,05a25a1ef242520bef0e4f9a64e319f3af687e69,metrics/src/main/java/com/google/gson/metrics/CollectionsDeserializationBenchmark.java,CollectionsDeserializationBenchmark.java,116,clover
344,05a25a1ef242520bef0e4f9a64e319f3af687e69,metrics/src/main/java/com/google/gson/metrics/BagOfPrimitivesDeserializationBenchmark.java,BagOfPrimitivesDeserializationBenchmark.java,102,clover
345,05a25a1ef242520bef0e4f9a64e319f3af687e69,gson/src/main/java/com/google/gson/internal/bind/ReflectiveTypeAdapterFactory.java,ReflectiveTypeAdapterFactory.java,151,clover
346,e6750e7b947b5508128689915c66e89792e0cdb2,proto/src/main/java/com/google/gson/protobuf/ProtoTypeAdapter.java,ProtoTypeAdapter.java,271,clover
347,e6750e7b947b5508128689915c66e89792e0cdb2,metrics/src/main/java/com/google/gson/metrics/CollectionsDeserializationBenchmark.java,CollectionsDeserializationBenchmark.java,116,clover
348,e6750e7b947b5508128689915c66e89792e0cdb2,metrics/src/main/java/com/google/gson/metrics/BagOfPrimitivesDeserializationBenchmark.java,BagOfPrimitivesDeserializationBenchmark.java,102,clover
349,e6750e7b947b5508128689915c66e89792e0cdb2,gson/src/main/java/com/google/gson/internal/bind/ReflectiveTypeAdapterFactory.java,ReflectiveTypeAdapterFactory.java,151,clover
350,83c63d225604b2c1c4c863a18940a52cc7c70f2a,proto/src/main/java/com/google/gson/protobuf/ProtoTypeAdapter.java,ProtoTypeAdapter.java,271,clover
351,83c63d225604b2c1c4c863a18940a52cc7c70f2a,metrics/src/main/java/com/google/gson/metrics/CollectionsDeserializationBenchmark.java,CollectionsDeserializationBenchmark.java,116,clover
352,83c63d225604b2c1c4c863a18940a52cc7c70f2a,metrics/src/main/java/com/google/gson/metrics/BagOfPrimitivesDeserializationBenchmark.java,BagOfPrimitivesDeserializationBenchmark.java,102,clover
353,83c63d225604b2c1c4c863a18940a52cc7c70f2a,gson/src/main/java/com/google/gson/internal/bind/ReflectiveTypeAdapterFactory.java,ReflectiveTypeAdapterFactory.java,151,clover
354,0d4e59da8bad80b48b13d1be1728244e9faa99ac,proto/src/main/java/com/google/gson/protobuf/ProtoTypeAdapter.java,ProtoTypeAdapter.java,271,clover
355,0d4e59da8bad80b48b13d1be1728244e9faa99ac,metrics/src/main/java/com/google/gson/metrics/CollectionsDeserializationBenchmark.java,CollectionsDeserializationBenchmark.java,116,clover
356,0d4e59da8bad80b48b13d1be1728244e9faa99ac,metrics/src/main/java/com/google/gson/metrics/BagOfPrimitivesDeserializationBenchmark.java,BagOfPrimitivesDeserializationBenchmark.java,102,clover
357,0d4e59da8bad80b48b13d1be1728244e9faa99ac,gson/src/main/java/com/google/gson/internal/bind/ReflectiveTypeAdapterFactory.java,ReflectiveTypeAdapterFactory.java,151,clover
358,49d128b4231217786274a53df29af1aeeb469cdb,proto/src/main/java/com/google/gson/protobuf/ProtoTypeAdapter.java,ProtoTypeAdapter.java,271,clover
359,49d128b4231217786274a53df29af1aeeb469cdb,metrics/src/main/java/com/google/gson/metrics/CollectionsDeserializationBenchmark.java,CollectionsDeserializationBenchmark.java,116,clover
360,49d128b4231217786274a53df29af1aeeb469cdb,metrics/src/main/java/com/google/gson/metrics/BagOfPrimitivesDeserializationBenchmark.java,BagOfPrimitivesDeserializationBenchmark.java,102,clover
361,49d128b4231217786274a53df29af1aeeb469cdb,gson/src/main/java/com/google/gson/internal/bind/ReflectiveTypeAdapterFactory.java,ReflectiveTypeAdapterFactory.java,151,clover
362,bcb6b1fa812cb029bee27619c0a9fe01b89f88f1,proto/src/main/java/com/google/gson/protobuf/ProtoTypeAdapter.java,ProtoTypeAdapter.java,271,clover
363,bcb6b1fa812cb029bee27619c0a9fe01b89f88f1,metrics/src/main/java/com/google/gson/metrics/CollectionsDeserializationBenchmark.java,CollectionsDeserializationBenchmark.java,116,clover
364,bcb6b1fa812cb029bee27619c0a9fe01b89f88f1,metrics/src/main/java/com/google/gson/metrics/BagOfPrimitivesDeserializationBenchmark.java,BagOfPrimitivesDeserializationBenchmark.java,102,clover
365,bcb6b1fa812cb029bee27619c0a9fe01b89f88f1,gson/src/main/java/com/google/gson/internal/bind/ReflectiveTypeAdapterFactory.java,ReflectiveTypeAdapterFactory.java,151,clover
366,ada6985285ee2d1d864c77d17d9b162d78371a26,proto/src/main/java/com/google/gson/protobuf/ProtoTypeAdapter.java,ProtoTypeAdapter.java,271,clover
367,ada6985285ee2d1d864c77d17d9b162d78371a26,metrics/src/main/java/com/google/gson/metrics/CollectionsDeserializationBenchmark.java,CollectionsDeserializationBenchmark.java,116,clover
368,ada6985285ee2d1d864c77d17d9b162d78371a26,metrics/src/main/java/com/google/gson/metrics/BagOfPrimitivesDeserializationBenchmark.java,BagOfPrimitivesDeserializationBenchmark.java,102,clover
369,ada6985285ee2d1d864c77d17d9b162d78371a26,gson/src/main/java/com/google/gson/internal/bind/ReflectiveTypeAdapterFactory.java,ReflectiveTypeAdapterFactory.java,151,clover
370,daba2fd7ff4bc9fd51c209952964b6fd5366b923,proto/src/main/java/com/google/gson/protobuf/ProtoTypeAdapter.java,ProtoTypeAdapter.java,271,clover
371,daba2fd7ff4bc9fd51c209952964b6fd5366b923,metrics/src/main/java/com/google/gson/metrics/CollectionsDeserializationBenchmark.java,CollectionsDeserializationBenchmark.java,116,clover
372,daba2fd7ff4bc9fd51c209952964b6fd5366b923,metrics/src/main/java/com/google/gson/metrics/BagOfPrimitivesDeserializationBenchmark.java,BagOfPrimitivesDeserializationBenchmark.java,102,clover
373,daba2fd7ff4bc9fd51c209952964b6fd5366b923,gson/src/main/java/com/google/gson/internal/bind/ReflectiveTypeAdapterFactory.java,ReflectiveTypeAdapterFactory.java,151,clover
374,345dea2c8adc0af2722c4261e7e3fa93a1f9bd0c,proto/src/main/java/com/google/gson/protobuf/ProtoTypeAdapter.java,ProtoTypeAdapter.java,271,clover
375,345dea2c8adc0af2722c4261e7e3fa93a1f9bd0c,metrics/src/main/java/com/google/gson/metrics/CollectionsDeserializationBenchmark.java,CollectionsDeserializationBenchmark.java,116,clover
376,345dea2c8adc0af2722c4261e7e3fa93a1f9bd0c,metrics/src/main/java/com/google/gson/metrics/BagOfPrimitivesDeserializationBenchmark.java,BagOfPrimitivesDeserializationBenchmark.java,102,clover
377,345dea2c8adc0af2722c4261e7e3fa93a1f9bd0c,gson/src/main/java/com/google/gson/internal/bind/ReflectiveTypeAdapterFactory.java,ReflectiveTypeAdapterFactory.java,151,clover
378,074a556d38f0ff2c7a4924bb00a8ae1631601b67,proto/src/main/java/com/google/gson/protobuf/ProtoTypeAdapter.java,ProtoTypeAdapter.java,271,clover
379,074a556d38f0ff2c7a4924bb00a8ae1631601b67,metrics/src/main/java/com/google/gson/metrics/CollectionsDeserializationBenchmark.java,CollectionsDeserializationBenchmark.java,116,clover
380,074a556d38f0ff2c7a4924bb00a8ae1631601b67,metrics/src/main/java/com/google/gson/metrics/BagOfPrimitivesDeserializationBenchmark.java,BagOfPrimitivesDeserializationBenchmark.java,102,clover
381,074a556d38f0ff2c7a4924bb00a8ae1631601b67,gson/src/main/java/com/google/gson/internal/bind/ReflectiveTypeAdapterFactory.java,ReflectiveTypeAdapterFactory.java,151,clover
382,b1edb7048687c2822b4fa006ddeb5e2cc2a038f9,proto/src/main/java/com/google/gson/protobuf/ProtoTypeAdapter.java,ProtoTypeAdapter.java,271,clover
383,b1edb7048687c2822b4fa006ddeb5e2cc2a038f9,metrics/src/main/java/com/google/gson/metrics/CollectionsDeserializationBenchmark.java,CollectionsDeserializationBenchmark.java,116,clover
384,b1edb7048687c2822b4fa006ddeb5e2cc2a038f9,metrics/src/main/java/com/google/gson/metrics/BagOfPrimitivesDeserializationBenchmark.java,BagOfPrimitivesDeserializationBenchmark.java,102,clover
385,b1edb7048687c2822b4fa006ddeb5e2cc2a038f9,gson/src/main/java/com/google/gson/internal/bind/ReflectiveTypeAdapterFactory.java,ReflectiveTypeAdapterFactory.java,151,clover
386,b39494dbe68f91045850778cac4b661b38beb615,proto/src/main/java/com/google/gson/protobuf/ProtoTypeAdapter.java,ProtoTypeAdapter.java,271,clover
387,b39494dbe68f91045850778cac4b661b38beb615,metrics/src/main/java/com/google/gson/metrics/CollectionsDeserializationBenchmark.java,CollectionsDeserializationBenchmark.java,116,clover
388,b39494dbe68f91045850778cac4b661b38beb615,metrics/src/main/java/com/google/gson/metrics/BagOfPrimitivesDeserializationBenchmark.java,BagOfPrimitivesDeserializationBenchmark.java,102,clover
389,b39494dbe68f91045850778cac4b661b38beb615,gson/src/main/java/com/google/gson/internal/bind/ReflectiveTypeAdapterFactory.java,ReflectiveTypeAdapterFactory.java,151,clover
390,a4a235e14a63b9a4f902805641f1160c6bf5aa93,proto/src/main/java/com/google/gson/protobuf/ProtoTypeAdapter.java,ProtoTypeAdapter.java,271,clover
391,a4a235e14a63b9a4f902805641f1160c6bf5aa93,metrics/src/main/java/com/google/gson/metrics/CollectionsDeserializationBenchmark.java,CollectionsDeserializationBenchmark.java,116,clover
392,a4a235e14a63b9a4f902805641f1160c6bf5aa93,metrics/src/main/java/com/google/gson/metrics/BagOfPrimitivesDeserializationBenchmark.java,BagOfPrimitivesDeserializationBenchmark.java,102,clover
393,a4a235e14a63b9a4f902805641f1160c6bf5aa93,gson/src/main/java/com/google/gson/internal/bind/ReflectiveTypeAdapterFactory.java,ReflectiveTypeAdapterFactory.java,151,clover
394,4fb215c9df408ef48bad1288ef23c68b7910a7a3,proto/src/main/java/com/google/gson/protobuf/ProtoTypeAdapter.java,ProtoTypeAdapter.java,271,clover
395,4fb215c9df408ef48bad1288ef23c68b7910a7a3,metrics/src/main/java/com/google/gson/metrics/CollectionsDeserializationBenchmark.java,CollectionsDeserializationBenchmark.java,116,clover
396,4fb215c9df408ef48bad1288ef23c68b7910a7a3,metrics/src/main/java/com/google/gson/metrics/BagOfPrimitivesDeserializationBenchmark.java,BagOfPrimitivesDeserializationBenchmark.java,102,clover
397,4fb215c9df408ef48bad1288ef23c68b7910a7a3,gson/src/main/java/com/google/gson/internal/bind/ReflectiveTypeAdapterFactory.java,ReflectiveTypeAdapterFactory.java,151,clover
398,380c4ec12c7a8b2b85cc3a8ac78b3f123162c70c,proto/src/main/java/com/google/gson/protobuf/ProtoTypeAdapter.java,ProtoTypeAdapter.java,271,clover
399,380c4ec12c7a8b2b85cc3a8ac78b3f123162c70c,metrics/src/main/java/com/google/gson/metrics/CollectionsDeserializationBenchmark.java,CollectionsDeserializationBenchmark.java,116,clover
400,380c4ec12c7a8b2b85cc3a8ac78b3f123162c70c,metrics/src/main/java/com/google/gson/metrics/BagOfPrimitivesDeserializationBenchmark.java,BagOfPrimitivesDeserializationBenchmark.java,102,clover
401,380c4ec12c7a8b2b85cc3a8ac78b3f123162c70c,gson/src/main/java/com/google/gson/internal/bind/ReflectiveTypeAdapterFactory.java,ReflectiveTypeAdapterFactory.java,151,clover
402,ceae88bd6667f4263bbe02e6b3710b8a683906a2,proto/src/main/java/com/google/gson/protobuf/ProtoTypeAdapter.java,ProtoTypeAdapter.java,271,clover
403,ceae88bd6667f4263bbe02e6b3710b8a683906a2,metrics/src/main/java/com/google/gson/metrics/CollectionsDeserializationBenchmark.java,CollectionsDeserializationBenchmark.java,116,clover
404,ceae88bd6667f4263bbe02e6b3710b8a683906a2,metrics/src/main/java/com/google/gson/metrics/BagOfPrimitivesDeserializationBenchmark.java,BagOfPrimitivesDeserializationBenchmark.java,102,clover
405,ceae88bd6667f4263bbe02e6b3710b8a683906a2,gson/src/main/java/com/google/gson/internal/bind/ReflectiveTypeAdapterFactory.java,ReflectiveTypeAdapterFactory.java,151,clover
406,361292f1c192cdf06195cfd5346763ba38e3ce0d,proto/src/main/java/com/google/gson/protobuf/ProtoTypeAdapter.java,ProtoTypeAdapter.java,271,clover
407,361292f1c192cdf06195cfd5346763ba38e3ce0d,metrics/src/main/java/com/google/gson/metrics/CollectionsDeserializationBenchmark.java,CollectionsDeserializationBenchmark.java,116,clover
408,361292f1c192cdf06195cfd5346763ba38e3ce0d,metrics/src/main/java/com/google/gson/metrics/BagOfPrimitivesDeserializationBenchmark.java,BagOfPrimitivesDeserializationBenchmark.java,102,clover
409,361292f1c192cdf06195cfd5346763ba38e3ce0d,gson/src/main/java/com/google/gson/internal/bind/ReflectiveTypeAdapterFactory.java,ReflectiveTypeAdapterFactory.java,151,clover
410,541252a9fb9837eb8867c094adcd37af2a655731,proto/src/main/java/com/google/gson/protobuf/ProtoTypeAdapter.java,ProtoTypeAdapter.java,271,clover
411,541252a9fb9837eb8867c094adcd37af2a655731,metrics/src/main/java/com/google/gson/metrics/CollectionsDeserializationBenchmark.java,CollectionsDeserializationBenchmark.java,116,clover
412,541252a9fb9837eb8867c094adcd37af2a655731,metrics/src/main/java/com/google/gson/metrics/BagOfPrimitivesDeserializationBenchmark.java,BagOfPrimitivesDeserializationBenchmark.java,102,clover
413,541252a9fb9837eb8867c094adcd37af2a655731,gson/src/main/java/com/google/gson/internal/bind/ReflectiveTypeAdapterFactory.java,ReflectiveTypeAdapterFactory.java,151,clover
414,9171715a880bf65bb698c6c76480d0a3fe65ae20,proto/src/main/java/com/google/gson/protobuf/ProtoTypeAdapter.java,ProtoTypeAdapter.java,271,clover
415,9171715a880bf65bb698c6c76480d0a3fe65ae20,metrics/src/main/java/com/google/gson/metrics/CollectionsDeserializationBenchmark.java,CollectionsDeserializationBenchmark.java,116,clover
416,9171715a880bf65bb698c6c76480d0a3fe65ae20,metrics/src/main/java/com/google/gson/metrics/BagOfPrimitivesDeserializationBenchmark.java,BagOfPrimitivesDeserializationBenchmark.java,102,clover
417,9171715a880bf65bb698c6c76480d0a3fe65ae20,gson/src/main/java/com/google/gson/internal/bind/ReflectiveTypeAdapterFactory.java,ReflectiveTypeAdapterFactory.java,151,clover
418,1a9469a8c5aa31deacd36b3d15347f873ce7e889,proto/src/main/java/com/google/gson/protobuf/ProtoTypeAdapter.java,ProtoTypeAdapter.java,271,clover
419,1a9469a8c5aa31deacd36b3d15347f873ce7e889,metrics/src/main/java/com/google/gson/metrics/CollectionsDeserializationBenchmark.java,CollectionsDeserializationBenchmark.java,116,clover
420,1a9469a8c5aa31deacd36b3d15347f873ce7e889,metrics/src/main/java/com/google/gson/metrics/BagOfPrimitivesDeserializationBenchmark.java,BagOfPrimitivesDeserializationBenchmark.java,102,clover
421,1a9469a8c5aa31deacd36b3d15347f873ce7e889,gson/src/main/java/com/google/gson/internal/bind/ReflectiveTypeAdapterFactory.java,ReflectiveTypeAdapterFactory.java,151,clover
422,55acc23d8656a9fe5b19b92029a2dc7277e3765c,proto/src/main/java/com/google/gson/protobuf/ProtoTypeAdapter.java,ProtoTypeAdapter.java,271,clover
423,55acc23d8656a9fe5b19b92029a2dc7277e3765c,metrics/src/main/java/com/google/gson/metrics/CollectionsDeserializationBenchmark.java,CollectionsDeserializationBenchmark.java,116,clover
424,55acc23d8656a9fe5b19b92029a2dc7277e3765c,metrics/src/main/java/com/google/gson/metrics/BagOfPrimitivesDeserializationBenchmark.java,BagOfPrimitivesDeserializationBenchmark.java,102,clover
425,55acc23d8656a9fe5b19b92029a2dc7277e3765c,gson/src/main/java/com/google/gson/internal/bind/ReflectiveTypeAdapterFactory.java,ReflectiveTypeAdapterFactory.java,151,clover
426,fa947212e010e5757864fbebe9cdafde8faadabb,proto/src/main/java/com/google/gson/protobuf/ProtoTypeAdapter.java,ProtoTypeAdapter.java,271,clover
427,fa947212e010e5757864fbebe9cdafde8faadabb,metrics/src/main/java/com/google/gson/metrics/CollectionsDeserializationBenchmark.java,CollectionsDeserializationBenchmark.java,116,clover
428,fa947212e010e5757864fbebe9cdafde8faadabb,metrics/src/main/java/com/google/gson/metrics/BagOfPrimitivesDeserializationBenchmark.java,BagOfPrimitivesDeserializationBenchmark.java,102,clover
429,fa947212e010e5757864fbebe9cdafde8faadabb,gson/src/main/java/com/google/gson/internal/bind/ReflectiveTypeAdapterFactory.java,ReflectiveTypeAdapterFactory.java,151,clover
430,360cd3e2daaa867a064a80018c81e9c837bc7fa8,proto/src/main/java/com/google/gson/protobuf/ProtoTypeAdapter.java,ProtoTypeAdapter.java,271,clover
431,360cd3e2daaa867a064a80018c81e9c837bc7fa8,metrics/src/main/java/com/google/gson/metrics/CollectionsDeserializationBenchmark.java,CollectionsDeserializationBenchmark.java,116,clover
432,360cd3e2daaa867a064a80018c81e9c837bc7fa8,metrics/src/main/java/com/google/gson/metrics/BagOfPrimitivesDeserializationBenchmark.java,BagOfPrimitivesDeserializationBenchmark.java,102,clover
433,360cd3e2daaa867a064a80018c81e9c837bc7fa8,gson/src/main/java/com/google/gson/internal/bind/ReflectiveTypeAdapterFactory.java,ReflectiveTypeAdapterFactory.java,151,clover
434,4d735f190336ddf241eee48fa8495eabf637a330,proto/src/main/java/com/google/gson/protobuf/ProtoTypeAdapter.java,ProtoTypeAdapter.java,271,clover
435,4d735f190336ddf241eee48fa8495eabf637a330,metrics/src/main/java/com/google/gson/metrics/CollectionsDeserializationBenchmark.java,CollectionsDeserializationBenchmark.java,116,clover
436,4d735f190336ddf241eee48fa8495eabf637a330,metrics/src/main/java/com/google/gson/metrics/BagOfPrimitivesDeserializationBenchmark.java,BagOfPrimitivesDeserializationBenchmark.java,102,clover
437,4d735f190336ddf241eee48fa8495eabf637a330,gson/src/main/java/com/google/gson/internal/bind/ReflectiveTypeAdapterFactory.java,ReflectiveTypeAdapterFactory.java,151,clover
438,530cb7447089ccc12dc2009c17f468ddf2cd61ca,proto/src/main/java/com/google/gson/protobuf/ProtoTypeAdapter.java,ProtoTypeAdapter.java,271,clover
439,530cb7447089ccc12dc2009c17f468ddf2cd61ca,metrics/src/main/java/com/google/gson/metrics/CollectionsDeserializationBenchmark.java,CollectionsDeserializationBenchmark.java,116,clover
440,530cb7447089ccc12dc2009c17f468ddf2cd61ca,metrics/src/main/java/com/google/gson/metrics/BagOfPrimitivesDeserializationBenchmark.java,BagOfPrimitivesDeserializationBenchmark.java,102,clover
441,530cb7447089ccc12dc2009c17f468ddf2cd61ca,gson/src/main/java/com/google/gson/internal/bind/ReflectiveTypeAdapterFactory.java,ReflectiveTypeAdapterFactory.java,151,clover
442,adc4c1949dd816eacb26175ee4bcab9f2c50b87d,proto/src/main/java/com/google/gson/protobuf/ProtoTypeAdapter.java,ProtoTypeAdapter.java,271,clover
443,adc4c1949dd816eacb26175ee4bcab9f2c50b87d,metrics/src/main/java/com/google/gson/metrics/CollectionsDeserializationBenchmark.java,CollectionsDeserializationBenchmark.java,116,clover
444,adc4c1949dd816eacb26175ee4bcab9f2c50b87d,metrics/src/main/java/com/google/gson/metrics/BagOfPrimitivesDeserializationBenchmark.java,BagOfPrimitivesDeserializationBenchmark.java,102,clover
445,adc4c1949dd816eacb26175ee4bcab9f2c50b87d,gson/src/main/java/com/google/gson/internal/bind/ReflectiveTypeAdapterFactory.java,ReflectiveTypeAdapterFactory.java,151,clover
446,58f5ed9690a8d2fb0089b9b0cf4032d369483fa3,proto/src/main/java/com/google/gson/protobuf/ProtoTypeAdapter.java,ProtoTypeAdapter.java,271,clover
447,58f5ed9690a8d2fb0089b9b0cf4032d369483fa3,metrics/src/main/java/com/google/gson/metrics/CollectionsDeserializationBenchmark.java,CollectionsDeserializationBenchmark.java,116,clover
448,58f5ed9690a8d2fb0089b9b0cf4032d369483fa3,metrics/src/main/java/com/google/gson/metrics/BagOfPrimitivesDeserializationBenchmark.java,BagOfPrimitivesDeserializationBenchmark.java,102,clover
449,58f5ed9690a8d2fb0089b9b0cf4032d369483fa3,gson/src/main/java/com/google/gson/internal/bind/ReflectiveTypeAdapterFactory.java,ReflectiveTypeAdapterFactory.java,151,clover
450,4109aaa6a92f3f9725c5e2f98308816761f0123e,proto/src/main/java/com/google/gson/protobuf/ProtoTypeAdapter.java,ProtoTypeAdapter.java,271,clover
451,4109aaa6a92f3f9725c5e2f98308816761f0123e,metrics/src/main/java/com/google/gson/metrics/CollectionsDeserializationBenchmark.java,CollectionsDeserializationBenchmark.java,116,clover
452,4109aaa6a92f3f9725c5e2f98308816761f0123e,metrics/src/main/java/com/google/gson/metrics/BagOfPrimitivesDeserializationBenchmark.java,BagOfPrimitivesDeserializationBenchmark.java,102,clover
453,4109aaa6a92f3f9725c5e2f98308816761f0123e,gson/src/main/java/com/google/gson/internal/bind/ReflectiveTypeAdapterFactory.java,ReflectiveTypeAdapterFactory.java,151,clover
454,521fab2dd5e829b51cff6813d0b5405d4ab2d1ee,proto/src/main/java/com/google/gson/protobuf/ProtoTypeAdapter.java,ProtoTypeAdapter.java,271,clover
455,521fab2dd5e829b51cff6813d0b5405d4ab2d1ee,metrics/src/main/java/com/google/gson/metrics/CollectionsDeserializationBenchmark.java,CollectionsDeserializationBenchmark.java,116,clover
456,521fab2dd5e829b51cff6813d0b5405d4ab2d1ee,metrics/src/main/java/com/google/gson/metrics/BagOfPrimitivesDeserializationBenchmark.java,BagOfPrimitivesDeserializationBenchmark.java,102,clover
457,521fab2dd5e829b51cff6813d0b5405d4ab2d1ee,gson/src/main/java/com/google/gson/internal/bind/ReflectiveTypeAdapterFactory.java,ReflectiveTypeAdapterFactory.java,151,clover
458,47b28d99a17d492b37fcdd0fc41290419a010a0f,proto/src/main/java/com/google/gson/protobuf/ProtoTypeAdapter.java,ProtoTypeAdapter.java,271,clover
459,47b28d99a17d492b37fcdd0fc41290419a010a0f,metrics/src/main/java/com/google/gson/metrics/CollectionsDeserializationBenchmark.java,CollectionsDeserializationBenchmark.java,116,clover
460,47b28d99a17d492b37fcdd0fc41290419a010a0f,metrics/src/main/java/com/google/gson/metrics/BagOfPrimitivesDeserializationBenchmark.java,BagOfPrimitivesDeserializationBenchmark.java,102,clover
461,47b28d99a17d492b37fcdd0fc41290419a010a0f,gson/src/main/java/com/google/gson/internal/bind/ReflectiveTypeAdapterFactory.java,ReflectiveTypeAdapterFactory.java,151,clover
