,commit_hash,file_path,filename,action,changes
0,c39d559f528182b12ef16521d9ea74c19b922943,lab-24/lab-24-apidoc-swagger-starter/src/main/resources/application.yaml,application.yaml,1,"{'added': [(1, '# 对应 SpringfoxConfigurationProperties 配置类'), (2, 'springfox:'), (3, '  documentation:'), (4, '    swagger-ui:'), (5, '      enabled: true # 是否开启 Swagger UI 功能。默认为 true')], 'deleted': []}"
1,7770689bea7fb70a575a439f64f27d506ba5fcc2,lab-11-spring-data-redis/lab-07-spring-data-redis-unit-test/src/main/resources/application.yml,application.yml,1,"{'added': [(1, 'spring:'), (2, '  # 对应 RedisProperties 类'), (3, '  redis:'), (4, '    host: 127.0.0.1'), (5, '    port: 6379'), (6, '#    password: # Redis 服务器密码，默认为空。生产中，一定要设置 Redis 密码！'), (7, '    database: 0 # Redis 数据库号，默认为 0 。'), (8, '    timeout: 0 # Redis 连接超时时间，单位：毫秒。'), (9, '    # 对应 RedissonProperties 类'), (10, '#    redisson:'), (11, '#      config: classpath:redisson.yml # 具体的每个配置项，见 org.redisson.config.Config 类。')], 'deleted': []}"
2,7770689bea7fb70a575a439f64f27d506ba5fcc2,lab-11-spring-data-redis/lab-07-spring-data-redis-unit-test/src/main/resources/redisson.yml,redisson.yml,1,"{'added': [], 'deleted': []}"
3,31866ac9c205e7a6d47eccebeda860f619eb486a,lab-08/src/main/resources/application.yaml,application.yaml,4,"{'added': [], 'deleted': [(1, 'spring:'), (2, '  application:'), (3, '    name: user-application'), (4, '  # jpa'), (5, '  redis:'), (6, '    password:'), (7, '    database: 0'), (8, '    port: 6379'), (9, '    host: 127.0.0.1'), (10, '    timeout: 0'), (11, '    jedis:'), (12, '      pool:'), (13, '        max-wait:'), (14, '        max-idle: 8'), (15, '        min-idle: 0'), (16, ''), (17, ''), (18, '# server'), (19, 'server:'), (20, '  port: 16003'), (21, '  servlet:'), (22, '    context-path: /user-api/')]}"
4,31866ac9c205e7a6d47eccebeda860f619eb486a,lab-10/src/main/resources/application.properties,application.properties,4,"{'added': [], 'deleted': [(1, 'management.endpoint.health.show-details=always'), (2, 'server.port=9080')]}"
5,4861e990f73aa34afb8b3c242a120ce23e8b4ce7,lab-68-spring-security-oauth/lab-68-demo02-resource-server/src/main/resources/application.yml,application.yml,3,"{'added': [], 'deleted': []}"
6,4861e990f73aa34afb8b3c242a120ce23e8b4ce7,lab-68-spring-security-oauth/lab-68-demo11-authorization-server-by-jdbc-store/src/main/resources/application.yaml,application.yaml,3,"{'added': [], 'deleted': []}"
7,4861e990f73aa34afb8b3c242a120ce23e8b4ce7,lab-68-spring-security-oauth/lab-68-demo11-authorization-server-by-jdbc-store/src/main/resources/db/data.sql,data.sql,3,"{'added': [], 'deleted': []}"
8,4861e990f73aa34afb8b3c242a120ce23e8b4ce7,lab-68-spring-security-oauth/lab-68-demo11-authorization-server-by-jdbc-store/src/main/resources/db/schema.sql,schema.sql,3,"{'added': [], 'deleted': []}"
9,4861e990f73aa34afb8b3c242a120ce23e8b4ce7,lab-68-spring-security-oauth/lab-68-demo11-authorization-server-by-redis-store/src/main/resources/application.yml,application.yml,3,"{'added': [], 'deleted': []}"
10,4861e990f73aa34afb8b3c242a120ce23e8b4ce7,lab-68-spring-security-oauth/lab-68-demo21-authorization-server-on-sso/src/main/resources/application.yaml,application.yaml,3,"{'added': [], 'deleted': []}"
11,4861e990f73aa34afb8b3c242a120ce23e8b4ce7,lab-68-spring-security-oauth/lab-68-demo21-authorization-server-on-sso/src/main/resources/db/oauth_data.sql,oauth_data.sql,3,"{'added': [], 'deleted': []}"
12,4861e990f73aa34afb8b3c242a120ce23e8b4ce7,lab-68-spring-security-oauth/lab-68-demo21-authorization-server-on-sso/src/main/resources/db/oauth_schema.sql,oauth_schema.sql,3,"{'added': [], 'deleted': []}"
13,4861e990f73aa34afb8b3c242a120ce23e8b4ce7,lab-68-spring-security-oauth/lab-68-demo21-authorization-server-on-sso/src/main/resources/db/user_data.sql,user_data.sql,3,"{'added': [], 'deleted': []}"
14,4861e990f73aa34afb8b3c242a120ce23e8b4ce7,lab-68-spring-security-oauth/lab-68-demo21-authorization-server-on-sso/src/main/resources/db/user_schema.sql,user_schema.sql,3,"{'added': [], 'deleted': []}"
15,4861e990f73aa34afb8b3c242a120ce23e8b4ce7,lab-68-spring-security-oauth/lab-68-demo21-resource-server-on-sso/src/main/resources/application.yml,application.yml,3,"{'added': [], 'deleted': []}"
16,e8f7dab32085d65cc0a7733b1f4bf51cb82c3dad,labx-12-spring-cloud-config/labx-12-sc-config-server-demo/src/main/resources/application.yml,application.yml,3,"{'added': [], 'deleted': []}"
17,e8f7dab32085d65cc0a7733b1f4bf51cb82c3dad,labx-12-spring-cloud-config/labx-12-sc-config-server-demo/src/main/resources/shared/user-application.yml,user-application.yml,3,"{'added': [], 'deleted': []}"
18,e8f7dab32085d65cc0a7733b1f4bf51cb82c3dad,labx-12-spring-cloud-config/labx-12-sc-config-server-git-auto-refresh-by-bus/src/main/resources/application.yml,application.yml,3,"{'added': [], 'deleted': []}"
19,e8f7dab32085d65cc0a7733b1f4bf51cb82c3dad,labx-12-spring-cloud-config/labx-12-sc-config-server-git-nacos/src/main/resources/application.yml,application.yml,3,"{'added': [], 'deleted': []}"
20,e8f7dab32085d65cc0a7733b1f4bf51cb82c3dad,labx-12-spring-cloud-config/labx-12-sc-config-server-git/src/main/resources/application.yml,application.yml,3,"{'added': [], 'deleted': []}"
21,e8f7dab32085d65cc0a7733b1f4bf51cb82c3dad,labx-12-spring-cloud-config/labx-12-sc-config-server-git/src/main/resources/bootstrap.yml,bootstrap.yml,3,"{'added': [], 'deleted': []}"
22,e8f7dab32085d65cc0a7733b1f4bf51cb82c3dad,labx-12-spring-cloud-config/labx-12-sc-config-server-git/src/main/resources/configserver.jks,configserver.jks,3,"{'added': [], 'deleted': []}"
23,e8f7dab32085d65cc0a7733b1f4bf51cb82c3dad,labx-12-spring-cloud-config/labx-12-sc-config-user-application-auto-refresh-by-actuator/src/main/resources/application.yml,application.yml,3,"{'added': [], 'deleted': []}"
24,e8f7dab32085d65cc0a7733b1f4bf51cb82c3dad,labx-12-spring-cloud-config/labx-12-sc-config-user-application-auto-refresh-by-actuator/src/main/resources/bootstrap.yml,bootstrap.yml,3,"{'added': [], 'deleted': []}"
25,e8f7dab32085d65cc0a7733b1f4bf51cb82c3dad,labx-12-spring-cloud-config/labx-12-sc-config-user-application-auto-refresh-by-bus/src/main/resources/application.yml,application.yml,3,"{'added': [], 'deleted': []}"
26,e8f7dab32085d65cc0a7733b1f4bf51cb82c3dad,labx-12-spring-cloud-config/labx-12-sc-config-user-application-auto-refresh-by-bus/src/main/resources/bootstrap.yml,bootstrap.yml,3,"{'added': [], 'deleted': []}"
27,e8f7dab32085d65cc0a7733b1f4bf51cb82c3dad,labx-12-spring-cloud-config/labx-12-sc-config-user-application-nacos/src/main/resources/bootstrap.yml,bootstrap.yml,3,"{'added': [], 'deleted': []}"
28,e8f7dab32085d65cc0a7733b1f4bf51cb82c3dad,labx-12-spring-cloud-config/labx-12-sc-config-user-application/src/main/resources/bootstrap.yml,bootstrap.yml,3,"{'added': [], 'deleted': []}"
29,7aed640e930ac80a4925a03785553b11040846ff,labx-11-spring-cloud-stream-kafka/labx-11-sc-stream-kafka-consumer-ack/src/main/resources/application.yml,application.yml,3,"{'added': [], 'deleted': []}"
30,7aed640e930ac80a4925a03785553b11040846ff,labx-11-spring-cloud-stream-kafka/labx-11-sc-stream-kafka-consumer-actuator/src/main/resources/application.yml,application.yml,3,"{'added': [], 'deleted': []}"
31,7aed640e930ac80a4925a03785553b11040846ff,labx-11-spring-cloud-stream-kafka/labx-11-sc-stream-kafka-consumer-batch/src/main/resources/application.yml,application.yml,3,"{'added': [], 'deleted': []}"
32,7aed640e930ac80a4925a03785553b11040846ff,labx-11-spring-cloud-stream-kafka/labx-11-sc-stream-kafka-consumer-broadcasting/src/main/resources/application.yml,application.yml,3,"{'added': [], 'deleted': []}"
33,7aed640e930ac80a4925a03785553b11040846ff,labx-11-spring-cloud-stream-kafka/labx-11-sc-stream-kafka-consumer-concurrency/src/main/resources/application.yml,application.yml,3,"{'added': [], 'deleted': []}"
34,7aed640e930ac80a4925a03785553b11040846ff,labx-11-spring-cloud-stream-kafka/labx-11-sc-stream-kafka-consumer-demo/src/main/resources/application.yml,application.yml,3,"{'added': [], 'deleted': []}"
35,7aed640e930ac80a4925a03785553b11040846ff,labx-11-spring-cloud-stream-kafka/labx-11-sc-stream-kafka-consumer-error-handler/src/main/resources/application.yml,application.yml,3,"{'added': [], 'deleted': []}"
36,7aed640e930ac80a4925a03785553b11040846ff,labx-11-spring-cloud-stream-kafka/labx-11-sc-stream-kafka-consumer-filter/src/main/resources/application.yml,application.yml,3,"{'added': [], 'deleted': []}"
37,7aed640e930ac80a4925a03785553b11040846ff,labx-11-spring-cloud-stream-kafka/labx-11-sc-stream-kafka-consumer-partitioning/src/main/resources/application.yml,application.yml,3,"{'added': [], 'deleted': []}"
38,7aed640e930ac80a4925a03785553b11040846ff,labx-11-spring-cloud-stream-kafka/labx-11-sc-stream-kafka-consumer-retry/src/main/resources/application.yml,application.yml,3,"{'added': [], 'deleted': []}"
39,7aed640e930ac80a4925a03785553b11040846ff,labx-11-spring-cloud-stream-kafka/labx-11-sc-stream-kafka-consumer-transaction/src/main/resources/application.yml,application.yml,3,"{'added': [], 'deleted': []}"
40,7aed640e930ac80a4925a03785553b11040846ff,labx-11-spring-cloud-stream-kafka/labx-11-sc-stream-kafka-producer-actuator/src/main/resources/application.yml,application.yml,3,"{'added': [], 'deleted': []}"
41,7aed640e930ac80a4925a03785553b11040846ff,labx-11-spring-cloud-stream-kafka/labx-11-sc-stream-kafka-producer-batch/src/main/resources/application.yml,application.yml,3,"{'added': [], 'deleted': []}"
42,7aed640e930ac80a4925a03785553b11040846ff,labx-11-spring-cloud-stream-kafka/labx-11-sc-stream-kafka-producer-demo/src/main/resources/application.yml,application.yml,3,"{'added': [], 'deleted': []}"
43,7aed640e930ac80a4925a03785553b11040846ff,labx-11-spring-cloud-stream-kafka/labx-11-sc-stream-kafka-producer-partitioning/src/main/resources/application.yml,application.yml,3,"{'added': [], 'deleted': []}"
44,7aed640e930ac80a4925a03785553b11040846ff,labx-11-spring-cloud-stream-kafka/labx-11-sc-stream-kafka-producer-transaction/src/main/resources/application.yml,application.yml,3,"{'added': [], 'deleted': []}"
45,dcd1f661d44fdaf594f8a8721232b0fa0d5abd04,labx-10-spring-cloud-stream-rabbitmq/labx-10-sc-stream-rabbitmq-consumer-ack/src/main/resources/application.yml,application.yml,3,"{'added': [], 'deleted': []}"
46,dcd1f661d44fdaf594f8a8721232b0fa0d5abd04,labx-10-spring-cloud-stream-rabbitmq/labx-10-sc-stream-rabbitmq-consumer-actuator/src/main/resources/application.yml,application.yml,3,"{'added': [], 'deleted': []}"
47,dcd1f661d44fdaf594f8a8721232b0fa0d5abd04,labx-10-spring-cloud-stream-rabbitmq/labx-10-sc-stream-rabbitmq-consumer-batch/src/main/resources/application.yml,application.yml,3,"{'added': [], 'deleted': []}"
48,dcd1f661d44fdaf594f8a8721232b0fa0d5abd04,labx-10-spring-cloud-stream-rabbitmq/labx-10-sc-stream-rabbitmq-consumer-broadcasting/src/main/resources/application.yml,application.yml,3,"{'added': [], 'deleted': []}"
49,dcd1f661d44fdaf594f8a8721232b0fa0d5abd04,labx-10-spring-cloud-stream-rabbitmq/labx-10-sc-stream-rabbitmq-consumer-concurrency/src/main/resources/application.yml,application.yml,3,"{'added': [], 'deleted': []}"
50,dcd1f661d44fdaf594f8a8721232b0fa0d5abd04,labx-10-spring-cloud-stream-rabbitmq/labx-10-sc-stream-rabbitmq-consumer-delay/src/main/resources/application.yml,application.yml,3,"{'added': [], 'deleted': []}"
51,dcd1f661d44fdaf594f8a8721232b0fa0d5abd04,labx-10-spring-cloud-stream-rabbitmq/labx-10-sc-stream-rabbitmq-consumer-demo/src/main/resources/application.yml,application.yml,3,"{'added': [], 'deleted': []}"
52,dcd1f661d44fdaf594f8a8721232b0fa0d5abd04,labx-10-spring-cloud-stream-rabbitmq/labx-10-sc-stream-rabbitmq-consumer-error-handler/src/main/resources/application.yml,application.yml,3,"{'added': [], 'deleted': []}"
53,dcd1f661d44fdaf594f8a8721232b0fa0d5abd04,labx-10-spring-cloud-stream-rabbitmq/labx-10-sc-stream-rabbitmq-consumer-filter/src/main/resources/application.yml,application.yml,3,"{'added': [], 'deleted': []}"
54,dcd1f661d44fdaf594f8a8721232b0fa0d5abd04,labx-10-spring-cloud-stream-rabbitmq/labx-10-sc-stream-rabbitmq-consumer-partitioning/src/main/resources/application.yml,application.yml,3,"{'added': [], 'deleted': []}"
55,dcd1f661d44fdaf594f8a8721232b0fa0d5abd04,labx-10-spring-cloud-stream-rabbitmq/labx-10-sc-stream-rabbitmq-consumer-retry/src/main/resources/application.yml,application.yml,3,"{'added': [], 'deleted': []}"
56,dcd1f661d44fdaf594f8a8721232b0fa0d5abd04,labx-10-spring-cloud-stream-rabbitmq/labx-10-sc-stream-rabbitmq-producer-actuator/src/main/resources/application.yml,application.yml,3,"{'added': [], 'deleted': []}"
57,dcd1f661d44fdaf594f8a8721232b0fa0d5abd04,labx-10-spring-cloud-stream-rabbitmq/labx-10-sc-stream-rabbitmq-producer-batch/src/main/resources/application.yml,application.yml,3,"{'added': [], 'deleted': []}"
58,dcd1f661d44fdaf594f8a8721232b0fa0d5abd04,labx-10-spring-cloud-stream-rabbitmq/labx-10-sc-stream-rabbitmq-producer-confirm/src/main/resources/application.yml,application.yml,3,"{'added': [], 'deleted': []}"
59,dcd1f661d44fdaf594f8a8721232b0fa0d5abd04,labx-10-spring-cloud-stream-rabbitmq/labx-10-sc-stream-rabbitmq-producer-delay/src/main/resources/application.yml,application.yml,3,"{'added': [], 'deleted': []}"
60,dcd1f661d44fdaf594f8a8721232b0fa0d5abd04,labx-10-spring-cloud-stream-rabbitmq/labx-10-sc-stream-rabbitmq-producer-demo/src/main/resources/application.yml,application.yml,3,"{'added': [], 'deleted': []}"
61,dcd1f661d44fdaf594f8a8721232b0fa0d5abd04,labx-10-spring-cloud-stream-rabbitmq/labx-10-sc-stream-rabbitmq-producer-partitioning/src/main/resources/application.yml,application.yml,3,"{'added': [], 'deleted': []}"
62,dcd1f661d44fdaf594f8a8721232b0fa0d5abd04,labx-10-spring-cloud-stream-rabbitmq/labx-10-sc-stream-rabbitmq-producer-transaction/src/main/resources/application.yml,application.yml,3,"{'added': [], 'deleted': []}"
63,a7a8f88d3b495d195f78b9536524435d4770c098,labx-09-spring-cloud-apollo/labx-09-sc-apollo-demo-auto-refresh/src/main/resources/application.yaml,application.yaml,3,"{'added': [], 'deleted': []}"
64,a7a8f88d3b495d195f78b9536524435d4770c098,labx-09-spring-cloud-apollo/labx-09-sc-apollo-demo-jasypt/src/main/resources/application.yaml,application.yaml,3,"{'added': [], 'deleted': []}"
65,a7a8f88d3b495d195f78b9536524435d4770c098,labx-09-spring-cloud-apollo/labx-09-sc-apollo-demo-multi/src/main/resources/application.yaml,application.yaml,3,"{'added': [], 'deleted': []}"
66,a7a8f88d3b495d195f78b9536524435d4770c098,labx-09-spring-cloud-apollo/labx-09-sc-apollo-demo-profiles/src/main/resources/application-dev.yaml,application-dev.yaml,3,"{'added': [], 'deleted': []}"
67,a7a8f88d3b495d195f78b9536524435d4770c098,labx-09-spring-cloud-apollo/labx-09-sc-apollo-demo-profiles/src/main/resources/application-prod.yaml,application-prod.yaml,3,"{'added': [], 'deleted': []}"
68,a7a8f88d3b495d195f78b9536524435d4770c098,labx-09-spring-cloud-apollo/labx-09-sc-apollo-demo-profiles/src/main/resources/application.yaml,application.yaml,3,"{'added': [], 'deleted': []}"
69,a7a8f88d3b495d195f78b9536524435d4770c098,labx-09-spring-cloud-apollo/labx-09-sc-apollo-demo/src/main/resources/application.yaml,application.yaml,3,"{'added': [], 'deleted': []}"
70,da07783a2700cf041fc85cee69e256b981a4cb4a,labx-08-spring-cloud-gateway/labx-08-sc-gateway-demo01-test/src/main/resources/application.yaml,application.yaml,3,"{'added': [], 'deleted': []}"
71,da07783a2700cf041fc85cee69e256b981a4cb4a,labx-08-spring-cloud-gateway/labx-08-sc-gateway-demo01/src/main/resources/application.yaml,application.yaml,3,"{'added': [], 'deleted': []}"
72,da07783a2700cf041fc85cee69e256b981a4cb4a,labx-08-spring-cloud-gateway/labx-08-sc-gateway-demo02-registry/src/main/resources/application.yaml,application.yaml,3,"{'added': [], 'deleted': []}"
73,da07783a2700cf041fc85cee69e256b981a4cb4a,labx-08-spring-cloud-gateway/labx-08-sc-gateway-demo03-config-apollo/src/main/resources/application.yaml,application.yaml,3,"{'added': [], 'deleted': []}"
74,da07783a2700cf041fc85cee69e256b981a4cb4a,labx-08-spring-cloud-gateway/labx-08-sc-gateway-demo03-config-nacos/src/main/resources/application.yaml,application.yaml,3,"{'added': [], 'deleted': []}"
75,da07783a2700cf041fc85cee69e256b981a4cb4a,labx-08-spring-cloud-gateway/labx-08-sc-gateway-demo03-config-nacos/src/main/resources/bootstrap.yaml,bootstrap.yaml,3,"{'added': [], 'deleted': []}"
76,da07783a2700cf041fc85cee69e256b981a4cb4a,labx-08-spring-cloud-gateway/labx-08-sc-gateway-demo04/src/main/resources/application.yaml,application.yaml,3,"{'added': [], 'deleted': []}"
77,da07783a2700cf041fc85cee69e256b981a4cb4a,labx-08-spring-cloud-gateway/labx-08-sc-gateway-demo05-custom-gateway-filter/src/main/resources/application.yaml,application.yaml,3,"{'added': [], 'deleted': []}"
78,da07783a2700cf041fc85cee69e256b981a4cb4a,labx-08-spring-cloud-gateway/labx-08-sc-gateway-demo06-rate-limiter/src/main/resources/application.yaml,application.yaml,3,"{'added': [], 'deleted': []}"
79,da07783a2700cf041fc85cee69e256b981a4cb4a,labx-08-spring-cloud-gateway/labx-08-sc-gateway-demo07-hystrix/src/main/resources/application.yaml,application.yaml,3,"{'added': [], 'deleted': []}"
80,da07783a2700cf041fc85cee69e256b981a4cb4a,labx-08-spring-cloud-gateway/labx-08-sc-gateway-demo07-sentinel/src/main/resources/application.yaml,application.yaml,3,"{'added': [], 'deleted': []}"
81,da07783a2700cf041fc85cee69e256b981a4cb4a,labx-08-spring-cloud-gateway/labx-08-sc-gateway-demo07-sentinel/src/main/resources/sentinel-gw-api-group.json,sentinel-gw-api-group.json,3,"{'added': [], 'deleted': []}"
82,da07783a2700cf041fc85cee69e256b981a4cb4a,labx-08-spring-cloud-gateway/labx-08-sc-gateway-demo07-sentinel/src/main/resources/sentinel-gw-flow.json,sentinel-gw-flow.json,3,"{'added': [], 'deleted': []}"
83,da07783a2700cf041fc85cee69e256b981a4cb4a,labx-08-spring-cloud-gateway/labx-08-sc-gateway-demo08-custom-global-filter/src/main/resources/application.yaml,application.yaml,3,"{'added': [], 'deleted': []}"
84,da07783a2700cf041fc85cee69e256b981a4cb4a,labx-08-spring-cloud-gateway/labx-08-sc-gateway-demo09-actuator/src/main/resources/application.yaml,application.yaml,3,"{'added': [], 'deleted': []}"
85,da07783a2700cf041fc85cee69e256b981a4cb4a,labx-08-spring-cloud-gateway/labx-08-sc-gateway-demo10-troubleshooting/src/main/resources/application.yaml,application.yaml,3,"{'added': [], 'deleted': []}"
86,da07783a2700cf041fc85cee69e256b981a4cb4a,labx-08-spring-cloud-gateway/labx-08-sc-user-service/src/main/resources/application.yaml,application.yaml,3,"{'added': [], 'deleted': []}"
87,4e93867b9c9f4ac8615a81f543f4bff4f74c8e35,labx-07-spring-cloud-alibaba-dubbo/labx-07-sca-dubbo-demo01/labx-07-sca-dubbo-demo01-consumer/src/main/resources/application.yaml,application.yaml,3,"{'added': [], 'deleted': []}"
88,4e93867b9c9f4ac8615a81f543f4bff4f74c8e35,labx-07-spring-cloud-alibaba-dubbo/labx-07-sca-dubbo-demo01/labx-07-sca-dubbo-demo01-provider/src/main/resources/application.yaml,application.yaml,3,"{'added': [], 'deleted': []}"
89,4e93867b9c9f4ac8615a81f543f4bff4f74c8e35,labx-07-spring-cloud-alibaba-dubbo/labx-07-sca-dubbo-demo02/labx-07-sca-dubbo-demo02-consumer/src/main/resources/application.yaml,application.yaml,3,"{'added': [], 'deleted': []}"
90,4e93867b9c9f4ac8615a81f543f4bff4f74c8e35,labx-07-spring-cloud-alibaba-dubbo/labx-07-sca-dubbo-demo02/labx-07-sca-dubbo-demo02-provider-rest/src/main/resources/application.yaml,application.yaml,3,"{'added': [], 'deleted': []}"
91,4e93867b9c9f4ac8615a81f543f4bff4f74c8e35,labx-07-spring-cloud-alibaba-dubbo/labx-07-sca-dubbo-demo02/labx-07-sca-dubbo-demo02-provider-springmvc/src/main/resources/application.yaml,application.yaml,3,"{'added': [], 'deleted': []}"
92,4e93867b9c9f4ac8615a81f543f4bff4f74c8e35,labx-07-spring-cloud-alibaba-dubbo/labx-07-sca-dubbo-demo03-validation/labx-07-sca-dubbo-demo03-consumer/src/main/resources/application.yaml,application.yaml,3,"{'added': [], 'deleted': []}"
93,4e93867b9c9f4ac8615a81f543f4bff4f74c8e35,labx-07-spring-cloud-alibaba-dubbo/labx-07-sca-dubbo-demo03-validation/labx-07-sca-dubbo-demo03-provider/src/main/resources/application.yaml,application.yaml,3,"{'added': [], 'deleted': []}"
94,4e93867b9c9f4ac8615a81f543f4bff4f74c8e35,labx-07-spring-cloud-alibaba-dubbo/labx-07-sca-dubbo-demo04-filter/labx-07-sca-dubbo-demo04-consumer/src/main/resources/application.yaml,application.yaml,3,"{'added': [], 'deleted': []}"
95,4e93867b9c9f4ac8615a81f543f4bff4f74c8e35,labx-07-spring-cloud-alibaba-dubbo/labx-07-sca-dubbo-demo04-filter/labx-07-sca-dubbo-demo04-provider/src/main/resources/META-INF/dubbo/org.apache.dubbo.rpc.Filter,org.apache.dubbo.rpc.Filter,3,"{'added': [], 'deleted': []}"
96,4e93867b9c9f4ac8615a81f543f4bff4f74c8e35,labx-07-spring-cloud-alibaba-dubbo/labx-07-sca-dubbo-demo04-filter/labx-07-sca-dubbo-demo04-provider/src/main/resources/application.yaml,application.yaml,3,"{'added': [], 'deleted': []}"
97,4e93867b9c9f4ac8615a81f543f4bff4f74c8e35,labx-07-spring-cloud-alibaba-dubbo/labx-07-sca-dubbo-demo05-sentinel/labx-07-sca-dubbo-demo05-consumer/src/main/resources/application.yaml,application.yaml,3,"{'added': [], 'deleted': []}"
98,4e93867b9c9f4ac8615a81f543f4bff4f74c8e35,labx-07-spring-cloud-alibaba-dubbo/labx-07-sca-dubbo-demo05-sentinel/labx-07-sca-dubbo-demo05-provider/src/main/resources/application.yaml,application.yaml,3,"{'added': [], 'deleted': []}"
99,1b1488eb3ae58f01c8311256b54d6e287f8da28c,labx-06-spring-cloud-stream-rocketmq/labx-06-sca-stream-rocketmq-consumer-actuator/src/main/resources/application.yml,application.yml,3,"{'added': [], 'deleted': []}"
100,1b1488eb3ae58f01c8311256b54d6e287f8da28c,labx-06-spring-cloud-stream-rocketmq/labx-06-sca-stream-rocketmq-consumer-aliyun/src/main/resources/application.yml,application.yml,3,"{'added': [], 'deleted': []}"
101,1b1488eb3ae58f01c8311256b54d6e287f8da28c,labx-06-spring-cloud-stream-rocketmq/labx-06-sca-stream-rocketmq-consumer-broadcasting/src/main/resources/application.yml,application.yml,3,"{'added': [], 'deleted': []}"
102,1b1488eb3ae58f01c8311256b54d6e287f8da28c,labx-06-spring-cloud-stream-rocketmq/labx-06-sca-stream-rocketmq-consumer-demo/src/main/resources/application.yml,application.yml,3,"{'added': [], 'deleted': []}"
103,1b1488eb3ae58f01c8311256b54d6e287f8da28c,labx-06-spring-cloud-stream-rocketmq/labx-06-sca-stream-rocketmq-consumer-error-handler/src/main/resources/application.yml,application.yml,3,"{'added': [], 'deleted': []}"
104,1b1488eb3ae58f01c8311256b54d6e287f8da28c,labx-06-spring-cloud-stream-rocketmq/labx-06-sca-stream-rocketmq-consumer-filter/src/main/resources/application.yml,application.yml,3,"{'added': [], 'deleted': []}"
105,1b1488eb3ae58f01c8311256b54d6e287f8da28c,labx-06-spring-cloud-stream-rocketmq/labx-06-sca-stream-rocketmq-consumer-orderly/src/main/resources/application.yml,application.yml,3,"{'added': [], 'deleted': []}"
106,1b1488eb3ae58f01c8311256b54d6e287f8da28c,labx-06-spring-cloud-stream-rocketmq/labx-06-sca-stream-rocketmq-consumer-retry/src/main/resources/application.yml,application.yml,3,"{'added': [], 'deleted': []}"
107,1b1488eb3ae58f01c8311256b54d6e287f8da28c,labx-06-spring-cloud-stream-rocketmq/labx-06-sca-stream-rocketmq-producer-actuator/src/main/resources/application.yml,application.yml,3,"{'added': [], 'deleted': []}"
108,1b1488eb3ae58f01c8311256b54d6e287f8da28c,labx-06-spring-cloud-stream-rocketmq/labx-06-sca-stream-rocketmq-producer-aliyun/src/main/resources/application.yml,application.yml,3,"{'added': [], 'deleted': []}"
109,1b1488eb3ae58f01c8311256b54d6e287f8da28c,labx-06-spring-cloud-stream-rocketmq/labx-06-sca-stream-rocketmq-producer-demo/src/main/resources/application.yml,application.yml,3,"{'added': [], 'deleted': []}"
110,1b1488eb3ae58f01c8311256b54d6e287f8da28c,labx-06-spring-cloud-stream-rocketmq/labx-06-sca-stream-rocketmq-producer-orderly/src/main/resources/application.yml,application.yml,3,"{'added': [], 'deleted': []}"
111,1b1488eb3ae58f01c8311256b54d6e287f8da28c,labx-06-spring-cloud-stream-rocketmq/labx-06-sca-stream-rocketmq-producer-transaction/src/main/resources/application.yml,application.yml,3,"{'added': [], 'deleted': []}"
112,ce1d5b75132394d350375823ddccd80703ae10ee,labx-03-spring-cloud-feign/labx-03-sc-feign-demo01-consumer/src/main/resources/application.yaml,application.yaml,3,"{'added': [], 'deleted': []}"
113,ce1d5b75132394d350375823ddccd80703ae10ee,labx-03-spring-cloud-feign/labx-03-sc-feign-demo01-provider/src/main/resources/application.yaml,application.yaml,3,"{'added': [], 'deleted': []}"
114,ce1d5b75132394d350375823ddccd80703ae10ee,labx-03-spring-cloud-feign/labx-03-sc-feign-demo02A-consumer/src/main/resources/application.yaml,application.yaml,3,"{'added': [], 'deleted': []}"
115,ce1d5b75132394d350375823ddccd80703ae10ee,labx-03-spring-cloud-feign/labx-03-sc-feign-demo02B-consumer/src/main/resources/application.yaml,application.yaml,3,"{'added': [], 'deleted': []}"
116,ce1d5b75132394d350375823ddccd80703ae10ee,labx-03-spring-cloud-feign/labx-03-sc-feign-demo03-consumer/src/main/resources/application.yaml,application.yaml,3,"{'added': [], 'deleted': []}"
117,ce1d5b75132394d350375823ddccd80703ae10ee,labx-03-spring-cloud-feign/labx-03-sc-feign-demo03-provider/src/main/resources/application.yaml,application.yaml,3,"{'added': [], 'deleted': []}"
118,ce1d5b75132394d350375823ddccd80703ae10ee,labx-03-spring-cloud-feign/labx-03-sc-feign-demo04-consumer/src/main/resources/application.yaml,application.yaml,3,"{'added': [], 'deleted': []}"
119,ce1d5b75132394d350375823ddccd80703ae10ee,labx-03-spring-cloud-feign/labx-03-sc-feign-demo04-provider/src/main/resources/application.yaml,application.yaml,3,"{'added': [], 'deleted': []}"
120,ce1d5b75132394d350375823ddccd80703ae10ee,labx-03-spring-cloud-feign/labx-03-sc-feign-demo05-consumer/src/main/resources/application.yaml,application.yaml,3,"{'added': [], 'deleted': []}"
121,ce1d5b75132394d350375823ddccd80703ae10ee,labx-03-spring-cloud-feign/labx-03-sc-feign-demo06A-consumer/src/main/resources/application.yaml,application.yaml,3,"{'added': [], 'deleted': []}"
122,ce1d5b75132394d350375823ddccd80703ae10ee,labx-03-spring-cloud-feign/labx-03-sc-feign-demo06B-consumer/src/main/resources/application.yaml,application.yaml,3,"{'added': [], 'deleted': []}"
123,ce1d5b75132394d350375823ddccd80703ae10ee,labx-03-spring-cloud-feign/labx-03-sc-feign-demo07-consumer/src/main/resources/application.yaml,application.yaml,3,"{'added': [], 'deleted': []}"
124,ce1d5b75132394d350375823ddccd80703ae10ee,labx-05-spring-cloud-alibaba-nacos-config/labx-05-sca-nacos-config-auto-refresh/src/main/resources/bootstrap.yaml,bootstrap.yaml,3,"{'added': [], 'deleted': []}"
125,ce1d5b75132394d350375823ddccd80703ae10ee,labx-05-spring-cloud-alibaba-nacos-config/labx-05-sca-nacos-config-demo-actuator/src/main/resources/application.yaml,application.yaml,3,"{'added': [], 'deleted': []}"
126,ce1d5b75132394d350375823ddccd80703ae10ee,labx-05-spring-cloud-alibaba-nacos-config/labx-05-sca-nacos-config-demo-actuator/src/main/resources/bootstrap.yaml,bootstrap.yaml,3,"{'added': [], 'deleted': []}"
127,ce1d5b75132394d350375823ddccd80703ae10ee,labx-05-spring-cloud-alibaba-nacos-config/labx-05-sca-nacos-config-demo-jasypt/src/main/resources/bootstrap.yaml,bootstrap.yaml,3,"{'added': [], 'deleted': []}"
128,ce1d5b75132394d350375823ddccd80703ae10ee,labx-05-spring-cloud-alibaba-nacos-config/labx-05-sca-nacos-config-demo-multi/src/main/resources/bootstrap.yaml,bootstrap.yaml,3,"{'added': [], 'deleted': []}"
129,ce1d5b75132394d350375823ddccd80703ae10ee,labx-05-spring-cloud-alibaba-nacos-config/labx-05-sca-nacos-config-demo-profiles/src/main/resources/bootstrap-dev.yaml,bootstrap-dev.yaml,3,"{'added': [], 'deleted': []}"
130,ce1d5b75132394d350375823ddccd80703ae10ee,labx-05-spring-cloud-alibaba-nacos-config/labx-05-sca-nacos-config-demo-profiles/src/main/resources/bootstrap-prod.yaml,bootstrap-prod.yaml,3,"{'added': [], 'deleted': []}"
131,ce1d5b75132394d350375823ddccd80703ae10ee,labx-05-spring-cloud-alibaba-nacos-config/labx-05-sca-nacos-config-demo-profiles/src/main/resources/bootstrap.yaml,bootstrap.yaml,3,"{'added': [], 'deleted': []}"
132,ce1d5b75132394d350375823ddccd80703ae10ee,labx-05-spring-cloud-alibaba-nacos-config/labx-05-sca-nacos-config-demo/src/main/resources/bootstrap.yaml,bootstrap.yaml,3,"{'added': [], 'deleted': []}"
133,a11539e3345515dfd5b342582a3a64cb5b4e8734,labx-03/labx-03-sc-feign-demo01-consumer/src/main/resources/application.yaml,application.yaml,3,"{'added': [], 'deleted': []}"
134,a11539e3345515dfd5b342582a3a64cb5b4e8734,labx-03/labx-03-sc-feign-demo01-provider/src/main/resources/application.yaml,application.yaml,3,"{'added': [], 'deleted': []}"
135,a11539e3345515dfd5b342582a3a64cb5b4e8734,labx-03/labx-03-sc-feign-demo02A-consumer/src/main/resources/application.yaml,application.yaml,3,"{'added': [], 'deleted': []}"
136,a11539e3345515dfd5b342582a3a64cb5b4e8734,labx-03/labx-03-sc-feign-demo02B-consumer/src/main/resources/application.yaml,application.yaml,3,"{'added': [], 'deleted': []}"
137,a11539e3345515dfd5b342582a3a64cb5b4e8734,labx-03/labx-03-sc-feign-demo03-consumer/src/main/resources/application.yaml,application.yaml,3,"{'added': [], 'deleted': []}"
138,a11539e3345515dfd5b342582a3a64cb5b4e8734,labx-03/labx-03-sc-feign-demo03-provider/src/main/resources/application.yaml,application.yaml,3,"{'added': [], 'deleted': []}"
139,a11539e3345515dfd5b342582a3a64cb5b4e8734,labx-03/labx-03-sc-feign-demo04-consumer/src/main/resources/application.yaml,application.yaml,3,"{'added': [], 'deleted': []}"
140,a11539e3345515dfd5b342582a3a64cb5b4e8734,labx-03/labx-03-sc-feign-demo04-provider/src/main/resources/application.yaml,application.yaml,3,"{'added': [], 'deleted': []}"
141,a11539e3345515dfd5b342582a3a64cb5b4e8734,labx-03/labx-03-sc-feign-demo05-consumer/src/main/resources/application.yaml,application.yaml,3,"{'added': [], 'deleted': []}"
142,a11539e3345515dfd5b342582a3a64cb5b4e8734,labx-03/labx-03-sc-feign-demo06A-consumer/src/main/resources/application.yaml,application.yaml,3,"{'added': [], 'deleted': []}"
143,a11539e3345515dfd5b342582a3a64cb5b4e8734,labx-03/labx-03-sc-feign-demo06B-consumer/src/main/resources/application.yaml,application.yaml,3,"{'added': [], 'deleted': []}"
144,a11539e3345515dfd5b342582a3a64cb5b4e8734,labx-03/labx-03-sc-feign-demo07-consumer/src/main/resources/application.yaml,application.yaml,3,"{'added': [], 'deleted': []}"
145,a11539e3345515dfd5b342582a3a64cb5b4e8734,labx-04-spring-cloud-alibaba-sentinel/labx-04-sca-sentinel-actuator-provider/src/main/resources/application.yaml,application.yaml,3,"{'added': [], 'deleted': []}"
146,a11539e3345515dfd5b342582a3a64cb5b4e8734,labx-04-spring-cloud-alibaba-sentinel/labx-04-sca-sentinel-apollo-provider/src/main/resources/application.yaml,application.yaml,3,"{'added': [], 'deleted': []}"
147,a11539e3345515dfd5b342582a3a64cb5b4e8734,labx-04-spring-cloud-alibaba-sentinel/labx-04-sca-sentinel-demo01-provider/src/main/resources/application.yaml,application.yaml,3,"{'added': [], 'deleted': []}"
148,a11539e3345515dfd5b342582a3a64cb5b4e8734,labx-04-spring-cloud-alibaba-sentinel/labx-04-sca-sentinel-feign-consumer/src/main/resources/application.yaml,application.yaml,3,"{'added': [], 'deleted': []}"
149,a11539e3345515dfd5b342582a3a64cb5b4e8734,labx-04-spring-cloud-alibaba-sentinel/labx-04-sca-sentinel-file-provider/src/main/resources/application.yaml,application.yaml,3,"{'added': [], 'deleted': []}"
150,a11539e3345515dfd5b342582a3a64cb5b4e8734,labx-04-spring-cloud-alibaba-sentinel/labx-04-sca-sentinel-nacos-provider/src/main/resources/application.yaml,application.yaml,3,"{'added': [], 'deleted': []}"
151,a11539e3345515dfd5b342582a3a64cb5b4e8734,labx-04-spring-cloud-alibaba-sentinel/labx-04-sca-sentinel-resttemplate-consumer/src/main/resources/application.yaml,application.yaml,3,"{'added': [], 'deleted': []}"
152,46f1aedc42ff2210c0715ed6527bec35f29de10e,labx-03-spring-cloud-feign/labx-03-sc-feign-demo01-consumer/src/main/resources/application.yaml,application.yaml,3,"{'added': [], 'deleted': []}"
153,46f1aedc42ff2210c0715ed6527bec35f29de10e,labx-03-spring-cloud-feign/labx-03-sc-feign-demo01-provider/src/main/resources/application.yaml,application.yaml,3,"{'added': [], 'deleted': []}"
154,46f1aedc42ff2210c0715ed6527bec35f29de10e,labx-03-spring-cloud-feign/labx-03-sc-feign-demo02A-consumer/src/main/resources/application.yaml,application.yaml,3,"{'added': [], 'deleted': []}"
155,46f1aedc42ff2210c0715ed6527bec35f29de10e,labx-03-spring-cloud-feign/labx-03-sc-feign-demo02B-consumer/src/main/resources/application.yaml,application.yaml,3,"{'added': [], 'deleted': []}"
156,46f1aedc42ff2210c0715ed6527bec35f29de10e,labx-03-spring-cloud-feign/labx-03-sc-feign-demo03-consumer/src/main/resources/application.yaml,application.yaml,3,"{'added': [], 'deleted': []}"
157,46f1aedc42ff2210c0715ed6527bec35f29de10e,labx-03-spring-cloud-feign/labx-03-sc-feign-demo03-provider/src/main/resources/application.yaml,application.yaml,3,"{'added': [], 'deleted': []}"
158,46f1aedc42ff2210c0715ed6527bec35f29de10e,labx-03-spring-cloud-feign/labx-03-sc-feign-demo04-consumer/src/main/resources/application.yaml,application.yaml,3,"{'added': [], 'deleted': []}"
159,46f1aedc42ff2210c0715ed6527bec35f29de10e,labx-03-spring-cloud-feign/labx-03-sc-feign-demo04-provider/src/main/resources/application.yaml,application.yaml,3,"{'added': [], 'deleted': []}"
160,46f1aedc42ff2210c0715ed6527bec35f29de10e,labx-03-spring-cloud-feign/labx-03-sc-feign-demo05-consumer/src/main/resources/application.yaml,application.yaml,3,"{'added': [], 'deleted': []}"
161,46f1aedc42ff2210c0715ed6527bec35f29de10e,labx-03-spring-cloud-feign/labx-03-sc-feign-demo06A-consumer/src/main/resources/application.yaml,application.yaml,3,"{'added': [], 'deleted': []}"
162,46f1aedc42ff2210c0715ed6527bec35f29de10e,labx-03-spring-cloud-feign/labx-03-sc-feign-demo06B-consumer/src/main/resources/application.yaml,application.yaml,3,"{'added': [], 'deleted': []}"
163,46f1aedc42ff2210c0715ed6527bec35f29de10e,labx-03-spring-cloud-feign/labx-03-sc-feign-demo07-consumer/src/main/resources/application.yaml,application.yaml,3,"{'added': [], 'deleted': []}"
164,289494ea15c987028d41bcefab4458ecb3bccd36,labx-02-spring-cloud-netflix-ribbon/labx-02-scn-ribbon-demo01-consumer/src/main/resources/application.yaml,application.yaml,3,"{'added': [], 'deleted': []}"
165,289494ea15c987028d41bcefab4458ecb3bccd36,labx-02-spring-cloud-netflix-ribbon/labx-02-scn-ribbon-demo01-provider/src/main/resources/application.yaml,application.yaml,3,"{'added': [], 'deleted': []}"
166,289494ea15c987028d41bcefab4458ecb3bccd36,labx-02-spring-cloud-netflix-ribbon/labx-02-scn-ribbon-demo02A-consumer/src/main/resources/application.yaml,application.yaml,3,"{'added': [], 'deleted': []}"
167,289494ea15c987028d41bcefab4458ecb3bccd36,labx-02-spring-cloud-netflix-ribbon/labx-02-scn-ribbon-demo02B-consumer/src/main/resources/application.yaml,application.yaml,3,"{'added': [], 'deleted': []}"
168,289494ea15c987028d41bcefab4458ecb3bccd36,labx-02-spring-cloud-netflix-ribbon/labx-02-scn-ribbon-demo03-consumer/src/main/resources/application.yaml,application.yaml,3,"{'added': [], 'deleted': []}"
169,289494ea15c987028d41bcefab4458ecb3bccd36,labx-02-spring-cloud-netflix-ribbon/labx-02-scn-ribbon-demo04-consumer/src/main/resources/application.yaml,application.yaml,3,"{'added': [], 'deleted': []}"
170,289494ea15c987028d41bcefab4458ecb3bccd36,labx-02-spring-cloud-netflix-ribbon/labx-02-scn-ribbon-demo05-consumer/src/main/resources/application.yaml,application.yaml,3,"{'added': [], 'deleted': []}"
171,289494ea15c987028d41bcefab4458ecb3bccd36,labx-02-spring-cloud-netflix-ribbon/labx-02-scn-ribbon-demo06-consumer/src/main/resources/application.yaml,application.yaml,3,"{'added': [], 'deleted': []}"
172,f3a1b93b880b02b0a2936dbe05cc95ae3c13172f,labx-01-spring-cloud-alibaba-nacos-discovery/labx-01-sca-nacos-discovery-demo01-consumer/src/main/resources/application.yaml,application.yaml,3,"{'added': [], 'deleted': []}"
173,f3a1b93b880b02b0a2936dbe05cc95ae3c13172f,labx-01-spring-cloud-alibaba-nacos-discovery/labx-01-sca-nacos-discovery-demo01-provider/src/main/resources/application.yaml,application.yaml,3,"{'added': [], 'deleted': []}"
174,f3a1b93b880b02b0a2936dbe05cc95ae3c13172f,labx-01-spring-cloud-alibaba-nacos-discovery/labx-01-sca-nacos-discovery-demo02-consumer/src/main/resources/application-dev.yaml,application-dev.yaml,3,"{'added': [], 'deleted': []}"
175,f3a1b93b880b02b0a2936dbe05cc95ae3c13172f,labx-01-spring-cloud-alibaba-nacos-discovery/labx-01-sca-nacos-discovery-demo02-consumer/src/main/resources/application-uat.yaml,application-uat.yaml,3,"{'added': [], 'deleted': []}"
176,f3a1b93b880b02b0a2936dbe05cc95ae3c13172f,labx-01-spring-cloud-alibaba-nacos-discovery/labx-01-sca-nacos-discovery-demo02-consumer/src/main/resources/application.yaml,application.yaml,3,"{'added': [], 'deleted': []}"
177,f3a1b93b880b02b0a2936dbe05cc95ae3c13172f,labx-01-spring-cloud-alibaba-nacos-discovery/labx-01-sca-nacos-discovery-demo02-provider/src/main/resources/application-dev.yaml,application-dev.yaml,3,"{'added': [], 'deleted': []}"
178,f3a1b93b880b02b0a2936dbe05cc95ae3c13172f,labx-01-spring-cloud-alibaba-nacos-discovery/labx-01-sca-nacos-discovery-demo02-provider/src/main/resources/application-uat.yaml,application-uat.yaml,3,"{'added': [], 'deleted': []}"
179,f3a1b93b880b02b0a2936dbe05cc95ae3c13172f,labx-01-spring-cloud-alibaba-nacos-discovery/labx-01-sca-nacos-discovery-demo02-provider/src/main/resources/application.yaml,application.yaml,3,"{'added': [], 'deleted': []}"
180,f3a1b93b880b02b0a2936dbe05cc95ae3c13172f,labx-01-spring-cloud-alibaba-nacos-discovery/labx-01-sca-nacos-discovery-demo03-consumer/src/main/resources/application.yaml,application.yaml,3,"{'added': [], 'deleted': []}"
181,fd66610c79e09e175d111b2435b0eaf6a4443912,labx-29-spring-cloud-consul-bus/labx-29-sc-bus-consul-demo-listener-actuator/src/main/resources/application.yml,application.yml,3,"{'added': [], 'deleted': []}"
182,fd66610c79e09e175d111b2435b0eaf6a4443912,labx-29-spring-cloud-consul-bus/labx-29-sc-bus-consul-demo-listener/src/main/resources/application.yml,application.yml,3,"{'added': [], 'deleted': []}"
183,fd66610c79e09e175d111b2435b0eaf6a4443912,labx-29-spring-cloud-consul-bus/labx-29-sc-bus-consul-demo-publisher/src/main/resources/application.yml,application.yml,3,"{'added': [], 'deleted': []}"
184,fd66610c79e09e175d111b2435b0eaf6a4443912,labx-29-spring-cloud-consul-bus/labx-29-sc-config-server-git-auto-refresh-by-bus/src/main/resources/application.yml,application.yml,3,"{'added': [], 'deleted': []}"
185,fd66610c79e09e175d111b2435b0eaf6a4443912,labx-29-spring-cloud-consul-bus/labx-29-sc-config-user-application-auto-refresh-by-bus/src/main/resources/application.yml,application.yml,3,"{'added': [], 'deleted': []}"
186,fd66610c79e09e175d111b2435b0eaf6a4443912,labx-29-spring-cloud-consul-bus/labx-29-sc-config-user-application-auto-refresh-by-bus/src/main/resources/bootstrap.yml,bootstrap.yml,3,"{'added': [], 'deleted': []}"
187,4df966fec9858903ff1e3a3a4d77ec483a797fe5,labx-30-spring-cloud-grpc/labx-30-grpc-cloud/labx-30-grpc-cloud-application/src/main/resources/application.yml,application.yml,3,"{'added': [], 'deleted': []}"
188,4df966fec9858903ff1e3a3a4d77ec483a797fe5,labx-30-spring-cloud-grpc/labx-30-grpc-cloud/labx-30-grpc-cloud-user-service/src/main/resources/application.yml,application.yml,3,"{'added': [], 'deleted': []}"
189,7cfd68bdb2809509c62bcb775dba753218f007d8,lab-16-spring-data-mongo/lab-16-spring-data-mongodb/src/main/resources/application.yaml,application.yaml,3,"{'added': [], 'deleted': []}"
190,5b320bb24d12361d2156a5e0a79d1abdc41accb0,lab-15-spring-data-es/lab-15-spring-data-elasticsearch/src/main/resources/application.yaml,application.yaml,3,"{'added': [], 'deleted': []}"
191,5b320bb24d12361d2156a5e0a79d1abdc41accb0,lab-15-spring-data-es/lab-15-spring-data-jest/src/main/resources/application.yaml,application.yaml,3,"{'added': [], 'deleted': []}"
192,abc43e5508e6777796d3f48cd07191de06cc94d4,lab-14-spring-jdbc-template/lab-14-jdbctemplate/src/main/resources/application.yaml,application.yaml,3,"{'added': [], 'deleted': []}"
193,1f46d8ed2a7385373d9db686263df9fc28d5b20c,lab-13-spring-data-jpa/lab-13-jpa/src/main/resources/application.yaml,application.yaml,3,"{'added': [], 'deleted': []}"
194,a446d2a0f54c432122359cbf609adf99a1673b0c,lab-12-mybatis/lab-12-mybatis-annotation/src/main/resources/application.yaml,application.yaml,3,"{'added': [], 'deleted': []}"
195,a446d2a0f54c432122359cbf609adf99a1673b0c,lab-12-mybatis/lab-12-mybatis-annotation/src/main/resources/mapper/UserMapper.xml,UserMapper.xml,3,"{'added': [], 'deleted': []}"
196,a446d2a0f54c432122359cbf609adf99a1673b0c,lab-12-mybatis/lab-12-mybatis-annotation/src/main/resources/mybatis-config.xml,mybatis-config.xml,3,"{'added': [], 'deleted': []}"
197,a446d2a0f54c432122359cbf609adf99a1673b0c,lab-12-mybatis/lab-12-mybatis-annotation/src/main/resources/sql/users.sql,users.sql,3,"{'added': [], 'deleted': []}"
198,a446d2a0f54c432122359cbf609adf99a1673b0c,lab-12-mybatis/lab-12-mybatis-plus/src/main/resources/application.yaml,application.yaml,3,"{'added': [], 'deleted': []}"
199,a446d2a0f54c432122359cbf609adf99a1673b0c,lab-12-mybatis/lab-12-mybatis-plus/src/main/resources/mapper/UserMapper.xml,UserMapper.xml,3,"{'added': [], 'deleted': []}"
200,a446d2a0f54c432122359cbf609adf99a1673b0c,lab-12-mybatis/lab-12-mybatis-plus/src/main/resources/sql/users.sql,users.sql,3,"{'added': [], 'deleted': []}"
201,a446d2a0f54c432122359cbf609adf99a1673b0c,lab-12-mybatis/lab-12-mybatis-tk/src/main/resources/application.yaml,application.yaml,3,"{'added': [], 'deleted': []}"
202,a446d2a0f54c432122359cbf609adf99a1673b0c,lab-12-mybatis/lab-12-mybatis-tk/src/main/resources/mapper/UserMapper.xml,UserMapper.xml,3,"{'added': [], 'deleted': []}"
203,a446d2a0f54c432122359cbf609adf99a1673b0c,lab-12-mybatis/lab-12-mybatis-tk/src/main/resources/mybatis-config.xml,mybatis-config.xml,3,"{'added': [], 'deleted': []}"
204,a446d2a0f54c432122359cbf609adf99a1673b0c,lab-12-mybatis/lab-12-mybatis-tk/src/main/resources/sql/users.sql,users.sql,3,"{'added': [], 'deleted': []}"
205,a446d2a0f54c432122359cbf609adf99a1673b0c,lab-12-mybatis/lab-12-mybatis-xml/src/main/resources/application.yaml,application.yaml,3,"{'added': [], 'deleted': []}"
206,a446d2a0f54c432122359cbf609adf99a1673b0c,lab-12-mybatis/lab-12-mybatis-xml/src/main/resources/mapper/UserMapper.xml,UserMapper.xml,3,"{'added': [], 'deleted': []}"
207,a446d2a0f54c432122359cbf609adf99a1673b0c,lab-12-mybatis/lab-12-mybatis-xml/src/main/resources/mybatis-config.xml,mybatis-config.xml,3,"{'added': [], 'deleted': []}"
208,a446d2a0f54c432122359cbf609adf99a1673b0c,lab-12-mybatis/lab-12-mybatis-xml/src/main/resources/sql/users.sql,users.sql,3,"{'added': [], 'deleted': []}"
209,a698bfd8383baf4c43a2d7079d7c7b9d5f8d769c,lab-11-spring-data-redis/lab-07-spring-data-redis-with-jedis/src/main/resources/application.yml,application.yml,3,"{'added': [], 'deleted': []}"
210,a698bfd8383baf4c43a2d7079d7c7b9d5f8d769c,lab-11-spring-data-redis/lab-07-spring-data-redis-with-jedis/src/main/resources/lua/compareAndSet.lua,compareAndSet.lua,3,"{'added': [], 'deleted': []}"
211,a698bfd8383baf4c43a2d7079d7c7b9d5f8d769c,lab-11-spring-data-redis/lab-07-spring-data-redis-with-jedis/src/main/resources/lua/compareAndSet2.lua,compareAndSet2.lua,3,"{'added': [], 'deleted': []}"
212,a698bfd8383baf4c43a2d7079d7c7b9d5f8d769c,lab-11-spring-data-redis/lab-07-spring-data-redis-with-jedis/src/main/resources/lua/test.lua,test.lua,3,"{'added': [], 'deleted': []}"
213,a698bfd8383baf4c43a2d7079d7c7b9d5f8d769c,lab-11-spring-data-redis/lab-07-spring-data-redis-with-redisson/src/main/resources/application.yml,application.yml,3,"{'added': [], 'deleted': []}"
214,a698bfd8383baf4c43a2d7079d7c7b9d5f8d769c,lab-11-spring-data-redis/lab-07-spring-data-redis-with-redisson/src/main/resources/lua/compareAndSet.lua,compareAndSet.lua,3,"{'added': [], 'deleted': []}"
215,a698bfd8383baf4c43a2d7079d7c7b9d5f8d769c,lab-11-spring-data-redis/lab-07-spring-data-redis-with-redisson/src/main/resources/lua/compareAndSet2.lua,compareAndSet2.lua,3,"{'added': [], 'deleted': []}"
216,a698bfd8383baf4c43a2d7079d7c7b9d5f8d769c,lab-11-spring-data-redis/lab-07-spring-data-redis-with-redisson/src/main/resources/lua/test.lua,test.lua,3,"{'added': [], 'deleted': []}"
217,a698bfd8383baf4c43a2d7079d7c7b9d5f8d769c,lab-11-spring-data-redis/lab-07-spring-data-redis-with-redisson/src/main/resources/redisson.yml,redisson.yml,3,"{'added': [], 'deleted': []}"
218,1af1979a854f7bcbe2f4e05c19d6d3debf749ba5,lab-04-rabbitmq/lab-04-rabbitmq-consume-retry/src/main/resources/application.yaml,application.yaml,3,"{'added': [], 'deleted': []}"
219,1af1979a854f7bcbe2f4e05c19d6d3debf749ba5,lab-04-rabbitmq/lab-04-rabbitmq-demo-ack/src/main/resources/application.yaml,application.yaml,3,"{'added': [], 'deleted': []}"
220,1af1979a854f7bcbe2f4e05c19d6d3debf749ba5,lab-04-rabbitmq/lab-04-rabbitmq-demo-batch-consume-02/src/main/resources/application.yaml,application.yaml,3,"{'added': [], 'deleted': []}"
221,1af1979a854f7bcbe2f4e05c19d6d3debf749ba5,lab-04-rabbitmq/lab-04-rabbitmq-demo-batch-consume/src/main/resources/application.yaml,application.yaml,3,"{'added': [], 'deleted': []}"
222,1af1979a854f7bcbe2f4e05c19d6d3debf749ba5,lab-04-rabbitmq/lab-04-rabbitmq-demo-batch/src/main/resources/application.yaml,application.yaml,3,"{'added': [], 'deleted': []}"
223,1af1979a854f7bcbe2f4e05c19d6d3debf749ba5,lab-04-rabbitmq/lab-04-rabbitmq-demo-concurrency/src/main/resources/application.yaml,application.yaml,3,"{'added': [], 'deleted': []}"
224,1af1979a854f7bcbe2f4e05c19d6d3debf749ba5,lab-04-rabbitmq/lab-04-rabbitmq-demo-confirm-async/src/main/resources/application.yaml,application.yaml,3,"{'added': [], 'deleted': []}"
225,1af1979a854f7bcbe2f4e05c19d6d3debf749ba5,lab-04-rabbitmq/lab-04-rabbitmq-demo-confirm/src/main/resources/application.yaml,application.yaml,3,"{'added': [], 'deleted': []}"
226,1af1979a854f7bcbe2f4e05c19d6d3debf749ba5,lab-04-rabbitmq/lab-04-rabbitmq-demo-delay/src/main/resources/application.yaml,application.yaml,3,"{'added': [], 'deleted': []}"
227,1af1979a854f7bcbe2f4e05c19d6d3debf749ba5,lab-04-rabbitmq/lab-04-rabbitmq-demo-error-handler/src/main/resources/application.yaml,application.yaml,3,"{'added': [], 'deleted': []}"
228,1af1979a854f7bcbe2f4e05c19d6d3debf749ba5,lab-04-rabbitmq/lab-04-rabbitmq-demo-json/src/main/resources/application.yaml,application.yaml,3,"{'added': [], 'deleted': []}"
229,1af1979a854f7bcbe2f4e05c19d6d3debf749ba5,lab-04-rabbitmq/lab-04-rabbitmq-demo-message-model/src/main/resources/application.yaml,application.yaml,3,"{'added': [], 'deleted': []}"
230,1af1979a854f7bcbe2f4e05c19d6d3debf749ba5,lab-04-rabbitmq/lab-04-rabbitmq-demo-orderly/src/main/resources/application.yaml,application.yaml,3,"{'added': [], 'deleted': []}"
231,1af1979a854f7bcbe2f4e05c19d6d3debf749ba5,lab-04-rabbitmq/lab-04-rabbitmq-demo-rpc/src/main/resources/application.yaml,application.yaml,3,"{'added': [], 'deleted': []}"
232,1af1979a854f7bcbe2f4e05c19d6d3debf749ba5,lab-04-rabbitmq/lab-04-rabbitmq-demo-transaction/src/main/resources/application.yaml,application.yaml,3,"{'added': [], 'deleted': []}"
233,1af1979a854f7bcbe2f4e05c19d6d3debf749ba5,lab-04-rabbitmq/lab-04-rabbitmq-demo/src/main/resources/application.yaml,application.yaml,3,"{'added': [], 'deleted': []}"
234,8defb0a34337fee575b05ef451aa82007019ab8d,lab-03-kafka/lab-03-kafka-demo-ack/src/main/resources/application.yaml,application.yaml,3,"{'added': [], 'deleted': []}"
235,8defb0a34337fee575b05ef451aa82007019ab8d,lab-03-kafka/lab-03-kafka-demo-batch-consume/src/main/resources/application.yaml,application.yaml,3,"{'added': [], 'deleted': []}"
236,8defb0a34337fee575b05ef451aa82007019ab8d,lab-03-kafka/lab-03-kafka-demo-batch/src/main/resources/application.yaml,application.yaml,3,"{'added': [], 'deleted': []}"
237,8defb0a34337fee575b05ef451aa82007019ab8d,lab-03-kafka/lab-03-kafka-demo-broadcast/src/main/resources/application.yaml,application.yaml,3,"{'added': [], 'deleted': []}"
238,8defb0a34337fee575b05ef451aa82007019ab8d,lab-03-kafka/lab-03-kafka-demo-concurrency/src/main/resources/application.yaml,application.yaml,3,"{'added': [], 'deleted': []}"
239,8defb0a34337fee575b05ef451aa82007019ab8d,lab-03-kafka/lab-03-kafka-demo-transaction/src/main/resources/application.yaml,application.yaml,3,"{'added': [], 'deleted': []}"
240,8defb0a34337fee575b05ef451aa82007019ab8d,lab-03-kafka/lab-03-kafka-demo-transaction/src/main/resources/application_bak.yaml,application_bak.yaml,3,"{'added': [], 'deleted': []}"
241,8defb0a34337fee575b05ef451aa82007019ab8d,lab-03-kafka/lab-03-kafka-demo/src/main/resources/application.yaml,application.yaml,3,"{'added': [], 'deleted': []}"
242,8defb0a34337fee575b05ef451aa82007019ab8d,lab-03-kafka/lab-03-kafka-demo/src/main/resources/application_bak.yaml,application_bak.yaml,3,"{'added': [], 'deleted': []}"
243,556093fc9346208621e47f7d1ea360caf0d3c7f9,lab-02-spring-security-oauth/authorization-code-server/src/main/resources/application.properties,application.properties,3,"{'added': [], 'deleted': []}"
244,556093fc9346208621e47f7d1ea360caf0d3c7f9,lab-02-spring-security-oauth/implicit-server/src/main/resources/application.properties,application.properties,3,"{'added': [], 'deleted': []}"
245,556093fc9346208621e47f7d1ea360caf0d3c7f9,lab-02-spring-security-oauth/resource-owner-password-credentials-server-by-jdbc-token-store/src/main/resources/application.properties,application.properties,3,"{'added': [], 'deleted': []}"
246,556093fc9346208621e47f7d1ea360caf0d3c7f9,lab-02-spring-security-oauth/resource-owner-password-credentials-server-by-jdbc-token-store/src/main/resources/data.sql,data.sql,3,"{'added': [], 'deleted': []}"
247,556093fc9346208621e47f7d1ea360caf0d3c7f9,lab-02-spring-security-oauth/resource-owner-password-credentials-server-by-jdbc-token-store/src/main/resources/schema.sql,schema.sql,3,"{'added': [], 'deleted': []}"
248,556093fc9346208621e47f7d1ea360caf0d3c7f9,lab-02-spring-security-oauth/resource-owner-password-credentials-server-with-refresh-token/src/main/resources/application.properties,application.properties,3,"{'added': [], 'deleted': []}"
249,556093fc9346208621e47f7d1ea360caf0d3c7f9,lab-02-spring-security-oauth/resource-owner-password-credentials-server-with-revoke-token/src/main/resources/application.properties,application.properties,3,"{'added': [], 'deleted': []}"
250,556093fc9346208621e47f7d1ea360caf0d3c7f9,lab-02-spring-security-oauth/resource-owner-password-credentials-server/src/main/resources/application.properties,application.properties,3,"{'added': [], 'deleted': []}"
251,927c34fdb313b9326464f03816ae209b9c9d33ac,lab-01-spring-security/lab-01-springsecurity-demo/src/main/resources/application.yaml,application.yaml,3,"{'added': [], 'deleted': []}"
252,cbca34891267940957e303cbe7cadebd580b06d8,lab-68/lab-68-demo21-authorization-server-on-sso/src/main/resources/db/oauth_data.sql,oauth_data.sql,5,"{'added': [(7, ""\t'password,authorization_code,refresh_token', 'http://127.0.0.1:9090/login', null, 3600, 864000, null, true);"")], 'deleted': [(7, ""\t'password,refresh_token', null, null, 3600, 864000, null, true);"")]}"
253,ac113de0f3e734a1d46729911f571ff7d08e9c1b,lab-68/lab-68-demo21-authorization-server-on-sso/src/main/resources/application.yaml,application.yaml,1,"{'added': [(1, 'spring:'), (2, '  # datasource 数据源配置内容，对应 DataSourceProperties 配置属性类'), (3, '  datasource:'), (4, '    url: jdbc:mysql://127.0.0.1:43063/demo-68-authorization-server-sso?useSSL=false&useUnicode=true&characterEncoding=UTF-8'), (5, '    driver-class-name: com.mysql.jdbc.Driver'), (6, '    username: root # 数据库账号'), (7, '    password: 123456 # 数据库密码')], 'deleted': []}"
254,ac113de0f3e734a1d46729911f571ff7d08e9c1b,lab-68/lab-68-demo21-authorization-server-on-sso/src/main/resources/db/oauth_data.sql,oauth_data.sql,1,"{'added': [(1, 'INSERT INTO oauth_client_details'), (2, '\t(client_id, client_secret, scope, authorized_grant_types,'), (3, '\tweb_server_redirect_uri, authorities, access_token_validity,'), (4, '\trefresh_token_validity, additional_information, autoapprove)'), (5, 'VALUES'), (6, ""\t('clientapp', '112233', 'read_userinfo,read_contacts',""), (7, ""\t'password,refresh_token', null, null, 3600, 864000, null, true);"")], 'deleted': []}"
255,ac113de0f3e734a1d46729911f571ff7d08e9c1b,lab-68/lab-68-demo21-authorization-server-on-sso/src/main/resources/db/oauth_schema.sql,oauth_schema.sql,1,"{'added': [(1, 'drop table if exists oauth_client_details;'), (2, 'create table oauth_client_details ('), (3, '  client_id VARCHAR(255) PRIMARY KEY,'), (4, '  resource_ids VARCHAR(255),'), (5, '  client_secret VARCHAR(255),'), (6, '  scope VARCHAR(255),'), (7, '  authorized_grant_types VARCHAR(255),'), (8, '  web_server_redirect_uri VARCHAR(255),'), (9, '  authorities VARCHAR(255),'), (10, '  access_token_validity INTEGER,'), (11, '  refresh_token_validity INTEGER,'), (12, '  additional_information VARCHAR(4096),'), (13, '  autoapprove VARCHAR(255)'), (14, ');'), (15, ''), (16, 'create table if not exists oauth_client_token ('), (17, '  token_id VARCHAR(255),'), (18, '  token LONG VARBINARY,'), (19, '  authentication_id VARCHAR(255) PRIMARY KEY,'), (20, '  user_name VARCHAR(255),'), (21, '  client_id VARCHAR(255)'), (22, ');'), (23, ''), (24, 'create table if not exists oauth_access_token ('), (25, '  token_id VARCHAR(255),'), (26, '  token LONG VARBINARY,'), (27, '  authentication_id VARCHAR(255) PRIMARY KEY,'), (28, '  user_name VARCHAR(255),'), (29, '  client_id VARCHAR(255),'), (30, '  authentication LONG VARBINARY,'), (31, '  refresh_token VARCHAR(255)'), (32, ');'), (33, ''), (34, 'create table if not exists oauth_refresh_token ('), (35, '  token_id VARCHAR(255),'), (36, '  token LONG VARBINARY,'), (37, '  authentication LONG VARBINARY'), (38, ');'), (39, ''), (40, 'create table if not exists oauth_code ('), (41, '  code VARCHAR(255), authentication LONG VARBINARY'), (42, ');'), (43, ''), (44, 'create table if not exists oauth_approvals ('), (45, '\tuserId VARCHAR(255),'), (46, '\tclientId VARCHAR(255),'), (47, '\tscope VARCHAR(255),'), (48, '\tstatus VARCHAR(10),'), (49, '\texpiresAt TIMESTAMP DEFAULT CURRENT_TIMESTAMP,'), (50, '\tlastModifiedAt TIMESTAMP DEFAULT CURRENT_TIMESTAMP'), (51, ');')], 'deleted': []}"
256,ac113de0f3e734a1d46729911f571ff7d08e9c1b,lab-68/lab-68-demo21-authorization-server-on-sso/src/main/resources/db/user_data.sql,user_data.sql,1,"{'added': [(1, ""INSERT INTO `authorities` VALUES ('yunai', 'ROLE_USER');""), (2, ''), (3, ""INSERT INTO `users` VALUES ('yunai', '112233', '1');"")], 'deleted': []}"
257,ac113de0f3e734a1d46729911f571ff7d08e9c1b,lab-68/lab-68-demo21-authorization-server-on-sso/src/main/resources/db/user_schema.sql,user_schema.sql,1,"{'added': [(1, 'DROP TABLE IF EXISTS `authorities`;'), (2, 'CREATE TABLE `authorities` ('), (3, '  `username` varchar(50) NOT NULL,'), (4, '  `authority` varchar(50) NOT NULL,'), (5, '  UNIQUE KEY `ix_auth_username` (`username`,`authority`)'), (6, ') ENGINE=InnoDB DEFAULT CHARSET=utf8;'), (7, ''), (8, 'DROP TABLE IF EXISTS `users`;'), (9, 'CREATE TABLE `users` ('), (10, '  `username` varchar(50) NOT NULL,'), (11, '  `password` varchar(500) NOT NULL,'), (12, '  `enabled` tinyint(1) NOT NULL,'), (13, '  PRIMARY KEY (`username`)'), (14, ') ENGINE=InnoDB DEFAULT CHARSET=utf8;')], 'deleted': []}"
258,ac113de0f3e734a1d46729911f571ff7d08e9c1b,lab-68/lab-68-demo21-resource-server-on-sso/src/main/resources/application.yml,application.yml,5,"{'added': [(6, '        name: SSO-SESSIONID # 自定义 Session 的 Cookie 名字，防止冲突。冲突后，会导致 SSO 登陆失败。'), (14, '      user-authorization-uri: http://127.0.0.1:8080/oauth/authorize # 获取用户的授权码地址'), (15, '      access-token-uri: http://127.0.0.1:8080/oauth/token # 获取访问令牌的地址'), (18, '      token-info-uri: http://127.0.0.1:8080/oauth/check_token # 校验访问令牌是否有效的地址')], 'deleted': [(6, '        name: OAUTH2-CLIENT-SESSIONID'), (14, '      user-authorization-uri: http://127.0.0.1:8080/oauth/authorize #'), (15, '      access-token-uri: http://127.0.0.1:8080/oauth/token'), (18, '      token-info-uri: http://127.0.0.1:8080/oauth/check_token # 获得 Token 信息的 URL')]}"
259,0eff76186e2549a621a9d733730eaf360b43dbf3,lab-68/lab-68-demo21-resource-server-on-sso/src/main/resources/application.yml,application.yml,1,"{'added': [(1, 'server:'), (2, '  port: 9090'), (3, '  servlet:'), (4, '    session:'), (5, '      cookie:'), (6, '        name: OAUTH2-CLIENT-SESSIONID'), (7, ''), (8, 'security:'), (9, '  oauth2:'), (10, '    # OAuth2 Client 配置，对应 OAuth2ClientProperties 类'), (11, '    client:'), (12, '      client-id: clientapp'), (13, '      client-secret: 112233'), (14, '      user-authorization-uri: http://127.0.0.1:8080/oauth/authorize #'), (15, '      access-token-uri: http://127.0.0.1:8080/oauth/token'), (16, '    # OAuth2 Resource 配置，对应 ResourceServerProperties 类'), (17, '    resource:'), (18, '      token-info-uri: http://127.0.0.1:8080/oauth/check_token # 获得 Token 信息的 URL')], 'deleted': []}"
260,6de7c2535753e2db7a4b731c1cc66aae06ce29ee,lab-68/lab-68-demo11-authorization-server-by-redis-store/src/main/resources/application.yml,application.yml,1,"{'added': [(1, 'spring:'), (2, '  # 对应 RedisProperties 类'), (3, '  redis:'), (4, '    host: 127.0.0.1'), (5, '    port: 6379')], 'deleted': []}"
261,78ef3070903c7c9af5571a3276fdecdf15cf9b80,lab-68/lab-68-demo11-authorization-server-by-jdbc-store/src/main/resources/application.yaml,application.yaml,1,"{'added': [(1, 'spring:'), (2, '  # datasource 数据源配置内容，对应 DataSourceProperties 配置属性类'), (3, '  datasource:'), (4, '    url: jdbc:mysql://127.0.0.1:43063/demo-68-authorization-server?useSSL=false&useUnicode=true&characterEncoding=UTF-8'), (5, '    driver-class-name: com.mysql.jdbc.Driver'), (6, '    username: root # 数据库账号'), (7, '    password: 123456 # 数据库密码')], 'deleted': []}"
262,78ef3070903c7c9af5571a3276fdecdf15cf9b80,lab-68/lab-68-demo11-authorization-server-by-jdbc-store/src/main/resources/db/data.sql,data.sql,1,"{'added': [(1, 'INSERT INTO oauth_client_details'), (2, '\t(client_id, client_secret, scope, authorized_grant_types,'), (3, '\tweb_server_redirect_uri, authorities, access_token_validity,'), (4, '\trefresh_token_validity, additional_information, autoapprove)'), (5, 'VALUES'), (6, ""\t('clientapp', '112233', 'read_userinfo,read_contacts',""), (7, ""\t'password,refresh_token', null, null, 3600, 864000, null, true);"")], 'deleted': []}"
263,78ef3070903c7c9af5571a3276fdecdf15cf9b80,lab-68/lab-68-demo11-authorization-server-by-jdbc-store/src/main/resources/db/schema.sql,schema.sql,1,"{'added': [(1, '--------------- MySQL ---------------'), (2, 'drop table if exists oauth_client_details;'), (3, 'create table oauth_client_details ('), (4, '  client_id VARCHAR(255) PRIMARY KEY,'), (5, '  resource_ids VARCHAR(255),'), (6, '  client_secret VARCHAR(255),'), (7, '  scope VARCHAR(255),'), (8, '  authorized_grant_types VARCHAR(255),'), (9, '  web_server_redirect_uri VARCHAR(255),'), (10, '  authorities VARCHAR(255),'), (11, '  access_token_validity INTEGER,'), (12, '  refresh_token_validity INTEGER,'), (13, '  additional_information VARCHAR(4096),'), (14, '  autoapprove VARCHAR(255)'), (15, ');'), (16, ''), (17, 'create table if not exists oauth_client_token ('), (18, '  token_id VARCHAR(255),'), (19, '  token LONG VARBINARY,'), (20, '  authentication_id VARCHAR(255) PRIMARY KEY,'), (21, '  user_name VARCHAR(255),'), (22, '  client_id VARCHAR(255)'), (23, ');'), (24, ''), (25, 'create table if not exists oauth_access_token ('), (26, '  token_id VARCHAR(255),'), (27, '  token LONG VARBINARY,'), (28, '  authentication_id VARCHAR(255) PRIMARY KEY,'), (29, '  user_name VARCHAR(255),'), (30, '  client_id VARCHAR(255),'), (31, '  authentication LONG VARBINARY,'), (32, '  refresh_token VARCHAR(255)'), (33, ');'), (34, ''), (35, 'create table if not exists oauth_refresh_token ('), (36, '  token_id VARCHAR(255),'), (37, '  token LONG VARBINARY,'), (38, '  authentication LONG VARBINARY'), (39, ');'), (40, ''), (41, 'create table if not exists oauth_code ('), (42, '  code VARCHAR(255), authentication LONG VARBINARY'), (43, ');'), (44, ''), (45, 'create table if not exists oauth_approvals ('), (46, '\tuserId VARCHAR(255),'), (47, '\tclientId VARCHAR(255),'), (48, '\tscope VARCHAR(255),'), (49, '\tstatus VARCHAR(10),'), (50, '\texpiresAt TIMESTAMP DEFAULT CURRENT_TIMESTAMP,'), (51, '\tlastModifiedAt TIMESTAMP DEFAULT CURRENT_TIMESTAMP'), (52, ');')], 'deleted': []}"
264,61a6106707160fd012b0e51c0dcc62529e8d79df,lab-68/lab-68-demo02-resource-server/src/main/resources/application.yml,application.yml,5,"{'added': [(15, '')], 'deleted': []}"
265,6be1196e9e5a97d05506c1e62a8a2089133afdfd,lab-68/lab-68-demo02-resource-server/src/main/resources/application.yml,application.yml,5,"{'added': [(6, '    # OAuth2 Client 配置，对应 OAuth2ClientProperties 类'), (10, '    # OAuth2 Resource 配置，对应 ResourceServerProperties 类'), (13, '    # 访问令牌获取 URL，自定义的'), (14, '    access-token-uri: http://127.0.0.1:8080/oauth/token')], 'deleted': [(6, '    # OAuth2 Client 配置'), (10, '    # OAuth2 Resource 配置')]}"
266,2d6132ad95ae7170a8d798f2728d6c568f8fab37,lab-68/lab-68-demo02-auth-server/src/main/resources/application.yml,application.yml,4,"{'added': [], 'deleted': [(1, 'debug: true')]}"
267,2d6132ad95ae7170a8d798f2728d6c568f8fab37,lab-68/lab-68-demo02-resource-server/src/main/resources/application.yml,application.yml,5,"{'added': [(6, '    # OAuth2 Client 配置'), (10, '    # OAuth2 Resource 配置'), (12, '      token-info-uri: http://127.0.0.1:8080/oauth/check_token # 获得 Token 信息的 URL')], 'deleted': [(10, '      token-info-uri: http://127.0.0.1:8080/oauth/check_token')]}"
268,1b9487c4c20e056fcdc51a556257ed32ab85fb9f,lab-68/lab-68-demo02-auth-server/src/main/resources/application.yml,application.yml,1,"{'added': [(1, 'debug: true')], 'deleted': []}"
269,1b9487c4c20e056fcdc51a556257ed32ab85fb9f,lab-68/lab-68-demo02-resource-server/src/main/resources/application.yml,application.yml,5,"{'added': [(10, '      token-info-uri: http://127.0.0.1:8080/oauth/check_token')], 'deleted': [(10, '      token-info-uri:')]}"
270,4d8a5b254c33c6565eaddc3f5f90a4e6d4c4aaeb,lab-68/lab-68-demo02-resource-server/src/main/resources/application.yml,application.yml,1,"{'added': [(1, 'server:'), (2, '  port: 9090'), (3, ''), (4, 'security:'), (5, '  oauth2:'), (6, '    client:'), (7, '      client-id: clientapp'), (8, '      client-secret: 112233'), (9, '    resource:'), (10, '      token-info-uri:')], 'deleted': []}"
271,1c0447366bdc00889d701346d148cc1cc8fd4373,lab-30/lab-30-dubbo-annotations-demo/user-rpc-service-provider-02/src/main/resources/application.yaml,application.yaml,5,"{'added': [(6, '  # Dubbo 注册中心配置'), (8, '    address: zookeeper://127.0.0.1:2181 # 注册中心地址。配置多注册中心，可见 http://dubbo.apache.org/zh-cn/docs/user/references/registry/introduction.html 文档。'), (9, '  # Dubbo 元数据中心配置'), (10, '  metadata-report:'), (11, '    address: zookeeper://127.0.0.1:2181 # 元数据中心地址。元数据中心的说明，可见 http://dubbo.apache.org/zh-cn/docs/user/references/metadata/introduction.html')], 'deleted': [(6, '  # Dubbo 注册中心配'), (8, '    address: zookeeper://127.0.0.1:2181 # 注册中心地址。个鞥多注册中心，可见 http://dubbo.apache.org/zh-cn/docs/user/references/registry/introduction.html 文档。')]}"
272,f03685cc639652afdb7673f7b945f70014c0f93d,lab-67/lab-67-netty-demo/lab-67-netty-demo-client/src/main/resources/application.yml,application.yml,1,"{'added': [(1, 'netty:'), (2, '  server:'), (3, '    host: 127.0.0.1 # Netty Server 地址'), (4, '    port: 8888 # Netty Server 端口')], 'deleted': []}"
273,0ba1edb60007732738212d07765351c3f0d5dd32,lab-67/lab-67-netty-demo/lab-67-netty-demo-server/src/main/resources/application.yml,application.yml,1,"{'added': [(1, 'netty:'), (2, '  port: 8888 # Netty Server 端口')], 'deleted': []}"
274,558c49526d6501ff55752dbd7572cd22de9add03,lab-66/lab-66-spring-data-solr/src/main/resources/application.yml,application.yml,5,"{'added': [(3, '    # Spring Data Solr 配置项，对应 SolrProperties 配置类'), (5, ""      host: 'http://127.0.0.1:8983/solr' # Solr 服务器地址"")], 'deleted': [(4, ""      host: 'http://127.0.0.1:8983/solr'""), (5, '      repositories:'), (6, '        enabled: true')]}"
275,92aeb797c2040579a4722ddf8a29ee16e745d6e5,lab-65/lab-65-cxf-ws-demo/lab-65-cxf-ws-demo-application/src/main/resources/wsdl/user.wsdl,user.wsdl,5,"{'added': [(1, '<wsdl:definitions xmlns:xsd=""http://www.w3.org/2001/XMLSchema"" xmlns:wsdl=""http://schemas.xmlsoap.org/wsdl/"" xmlns:tns=""https://github.com/YunaiV/SpringBoot-Labs/tree/master/lab-65/lab-65-cxf-ws-demo"" xmlns:soap=""http://schemas.xmlsoap.org/wsdl/soap/"" xmlns:ns1=""http://schemas.xmlsoap.org/soap/http"" name=""userService"" targetNamespace=""https://github.com/YunaiV/SpringBoot-Labs/tree/master/lab-65/lab-65-cxf-ws-demo"">'), (3, '        <xs:schema xmlns:xs=""http://www.w3.org/2001/XMLSchema"" xmlns:tns=""https://github.com/YunaiV/SpringBoot-Labs/tree/master/lab-65/lab-65-cxf-ws-demo"" elementFormDefault=""unqualified"" targetNamespace=""https://github.com/YunaiV/SpringBoot-Labs/tree/master/lab-65/lab-65-cxf-ws-demo"" version=""1.0"">'), (8, '            <xs:complexType name=""create"">'), (10, '                    <xs:element minOccurs=""0"" name=""arg0"" type=""tns:userCreateRequest""/>'), (13, '            <xs:complexType name=""userCreateRequest"">'), (15, '                    <xs:element minOccurs=""0"" name=""gender"" type=""xs:int""/>'), (16, '                    <xs:element minOccurs=""0"" name=""name"" type=""xs:string""/>'), (19, '            <xs:complexType name=""createResponse"">'), (21, '                    <xs:element minOccurs=""0"" name=""return"" type=""tns:userCreateResponse""/>'), (24, '            <xs:complexType name=""userCreateResponse"">'), (29, '            <xs:complexType name=""get"">'), (31, '                    <xs:element minOccurs=""0"" name=""arg0"" type=""tns:userGetRequest""/>'), (34, '            <xs:complexType name=""userGetRequest"">'), (36, '                    <xs:element minOccurs=""0"" name=""id"" type=""xs:int""/>'), (39, '            <xs:complexType name=""getResponse"">'), (41, '                    <xs:element minOccurs=""0"" name=""return"" type=""tns:userGetResponse""/>'), (44, '            <xs:complexType name=""userGetResponse"">'), (46, '                    <xs:element minOccurs=""0"" name=""gender"" type=""xs:int""/>'), (48, '                    <xs:element minOccurs=""0"" name=""name"" type=""xs:string""/>'), (59, '    <wsdl:message name=""get"">'), (60, '        <wsdl:part element=""tns:get"" name=""parameters""> </wsdl:part>'), (61, '    </wsdl:message>'), (62, '    <wsdl:message name=""getResponse"">'), (63, '        <wsdl:part element=""tns:getResponse"" name=""parameters""> </wsdl:part>'), (64, '    </wsdl:message>'), (70, '        <wsdl:operation name=""get"">'), (71, '            <wsdl:input message=""tns:get"" name=""get""> </wsdl:input>'), (72, '            <wsdl:output message=""tns:getResponse"" name=""getResponse""> </wsdl:output>'), (73, '        </wsdl:operation>'), (77, '        <wsdl:operation name=""create"">'), (79, '            <wsdl:input name=""create"">'), (82, '            <wsdl:output name=""createResponse"">'), (86, '        <wsdl:operation name=""get"">'), (88, '            <wsdl:input name=""get"">'), (91, '            <wsdl:output name=""getResponse"">'), (98, '            <soap:address location=""http://127.0.0.1:9090/ws/user""/>')], 'deleted': [(1, '<wsdl:definitions xmlns:xsd=""http://www.w3.org/2001/XMLSchema"" xmlns:wsdl=""http://schemas.xmlsoap.org/wsdl/"" xmlns:tns=""https://github.com/YunaiV/SpringBoot-Labs/tree/master/lab-65/lab-65-spring-ws-demo"" xmlns:soap=""http://schemas.xmlsoap.org/wsdl/soap/"" xmlns:ns1=""http://schemas.xmlsoap.org/soap/http"" name=""userService"" targetNamespace=""https://github.com/YunaiV/SpringBoot-Labs/tree/master/lab-65/lab-65-spring-ws-demo"">'), (3, '        <xs:schema xmlns:xs=""http://www.w3.org/2001/XMLSchema"" xmlns:tns=""https://github.com/YunaiV/SpringBoot-Labs/tree/master/lab-65/lab-65-spring-ws-demo"" elementFormDefault=""unqualified"" targetNamespace=""https://github.com/YunaiV/SpringBoot-Labs/tree/master/lab-65/lab-65-spring-ws-demo"" version=""1.0"">'), (8, '            <xs:complexType name=""get"">'), (10, '                    <xs:element minOccurs=""0"" name=""arg0"" type=""tns:userGetRequest""/>'), (13, '            <xs:complexType name=""userGetRequest"">'), (15, '                    <xs:element minOccurs=""0"" name=""id"" type=""xs:int""/>'), (18, '            <xs:complexType name=""getResponse"">'), (20, '                    <xs:element minOccurs=""0"" name=""return"" type=""tns:userGetResponse""/>'), (23, '            <xs:complexType name=""userGetResponse"">'), (25, '                    <xs:element minOccurs=""0"" name=""gender"" type=""xs:int""/>'), (27, '                    <xs:element minOccurs=""0"" name=""name"" type=""xs:string""/>'), (30, '            <xs:complexType name=""create"">'), (32, '                    <xs:element minOccurs=""0"" name=""arg0"" type=""tns:userCreateRequest""/>'), (35, '            <xs:complexType name=""userCreateRequest"">'), (37, '                    <xs:element minOccurs=""0"" name=""gender"" type=""xs:int""/>'), (38, '                    <xs:element minOccurs=""0"" name=""name"" type=""xs:string""/>'), (41, '            <xs:complexType name=""createResponse"">'), (43, '                    <xs:element minOccurs=""0"" name=""return"" type=""tns:userCreateResponse""/>'), (46, '            <xs:complexType name=""userCreateResponse"">'), (53, '    <wsdl:message name=""getResponse"">'), (54, '        <wsdl:part element=""tns:getResponse"" name=""parameters""> </wsdl:part>'), (55, '    </wsdl:message>'), (56, '    <wsdl:message name=""get"">'), (57, '        <wsdl:part element=""tns:get"" name=""parameters""> </wsdl:part>'), (58, '    </wsdl:message>'), (66, '        <wsdl:operation name=""get"">'), (67, '            <wsdl:input message=""tns:get"" name=""get""> </wsdl:input>'), (68, '            <wsdl:output message=""tns:getResponse"" name=""getResponse""> </wsdl:output>'), (69, '        </wsdl:operation>'), (77, '        <wsdl:operation name=""get"">'), (79, '            <wsdl:input name=""get"">'), (82, '            <wsdl:output name=""getResponse"">'), (86, '        <wsdl:operation name=""create"">'), (88, '            <wsdl:input name=""create"">'), (91, '            <wsdl:output name=""createResponse"">'), (98, '            <soap:address location=""http://127.0.0.1:8080/ws/user""/>')]}"
276,92aeb797c2040579a4722ddf8a29ee16e745d6e5,lab-66/lab-66-spring-data-solr/src/main/resources/application.yml,application.yml,1,"{'added': [(1, 'spring:'), (2, '  data:'), (3, '    solr:'), (4, ""      host: 'http://127.0.0.1:8983/solr'""), (5, '      repositories:'), (6, '        enabled: true')], 'deleted': []}"
277,0c95e445f667dc8143b94aeb25016d381bf7b8be,lab-65/lab-65-cxf-ws-demo/lab-65-cxf-ws-demo-application/src/main/resources/application.yml,application.yml,4,"{'added': [], 'deleted': [(1, 'server:'), (2, '  port: 9090')]}"
278,0c95e445f667dc8143b94aeb25016d381bf7b8be,lab-65/lab-65-cxf-ws-demo/lab-65-cxf-ws-demo-application/src/main/resources/wsdl/user.wsdl,user.wsdl,5,"{'added': [(4, '            <xs:element name=""create"" type=""tns:create""/>'), (5, '            <xs:element name=""createResponse"" type=""tns:createResponse""/>'), (30, '            <xs:complexType name=""create"">'), (31, '                <xs:sequence>'), (32, '                    <xs:element minOccurs=""0"" name=""arg0"" type=""tns:userCreateRequest""/>'), (33, '                </xs:sequence>'), (34, '            </xs:complexType>'), (35, '            <xs:complexType name=""userCreateRequest"">'), (36, '                <xs:sequence>'), (37, '                    <xs:element minOccurs=""0"" name=""gender"" type=""xs:int""/>'), (38, '                    <xs:element minOccurs=""0"" name=""name"" type=""xs:string""/>'), (39, '                </xs:sequence>'), (40, '            </xs:complexType>'), (41, '            <xs:complexType name=""createResponse"">'), (42, '                <xs:sequence>'), (43, '                    <xs:element minOccurs=""0"" name=""return"" type=""tns:userCreateResponse""/>'), (44, '                </xs:sequence>'), (45, '            </xs:complexType>'), (46, '            <xs:complexType name=""userCreateResponse"">'), (47, '                <xs:sequence>'), (48, '                    <xs:element minOccurs=""0"" name=""id"" type=""xs:int""/>'), (49, '                </xs:sequence>'), (50, '            </xs:complexType>'), (59, '    <wsdl:message name=""create"">'), (60, '        <wsdl:part element=""tns:create"" name=""parameters""> </wsdl:part>'), (61, '    </wsdl:message>'), (62, '    <wsdl:message name=""createResponse"">'), (63, '        <wsdl:part element=""tns:createResponse"" name=""parameters""> </wsdl:part>'), (64, '    </wsdl:message>'), (70, '        <wsdl:operation name=""create"">'), (71, '            <wsdl:input message=""tns:create"" name=""create""> </wsdl:input>'), (72, '            <wsdl:output message=""tns:createResponse"" name=""createResponse""> </wsdl:output>'), (73, '        </wsdl:operation>'), (86, '        <wsdl:operation name=""create"">'), (87, '            <soap:operation soapAction="""" style=""document""/>'), (88, '            <wsdl:input name=""create"">'), (89, '                <soap:body use=""literal""/>'), (90, '            </wsdl:input>'), (91, '            <wsdl:output name=""createResponse"">'), (92, '                <soap:body use=""literal""/>'), (93, '            </wsdl:output>'), (94, '        </wsdl:operation>')], 'deleted': []}"
279,0c95e445f667dc8143b94aeb25016d381bf7b8be,lab-65/lab-65-cxf-ws-demo/lab-65-cxf-ws-demo-user-service/src/main/resources/application.yml,application.yml,5,"{'added': [(4, ''), (5, 'server:'), (6, '  port: 9090 # 设置服务器端口为 9090')], 'deleted': []}"
280,87639c6106e9782435be91991a02232ee416deb6,lab-65/lab-65-cxf-ws-demo/lab-65-cxf-ws-demo-application/src/main/resources/application.yml,application.yml,3,"{'added': [], 'deleted': []}"
281,87639c6106e9782435be91991a02232ee416deb6,lab-65/lab-65-cxf-ws-demo/lab-65-cxf-ws-demo-application/src/main/resources/wsdl/user.wsdl,user.wsdl,1,"{'added': [(1, '<wsdl:definitions xmlns:xsd=""http://www.w3.org/2001/XMLSchema"" xmlns:wsdl=""http://schemas.xmlsoap.org/wsdl/"" xmlns:tns=""https://github.com/YunaiV/SpringBoot-Labs/tree/master/lab-65/lab-65-spring-ws-demo"" xmlns:soap=""http://schemas.xmlsoap.org/wsdl/soap/"" xmlns:ns1=""http://schemas.xmlsoap.org/soap/http"" name=""userService"" targetNamespace=""https://github.com/YunaiV/SpringBoot-Labs/tree/master/lab-65/lab-65-spring-ws-demo"">'), (2, '    <wsdl:types>'), (3, '        <xs:schema xmlns:xs=""http://www.w3.org/2001/XMLSchema"" xmlns:tns=""https://github.com/YunaiV/SpringBoot-Labs/tree/master/lab-65/lab-65-spring-ws-demo"" elementFormDefault=""unqualified"" targetNamespace=""https://github.com/YunaiV/SpringBoot-Labs/tree/master/lab-65/lab-65-spring-ws-demo"" version=""1.0"">'), (4, '            <xs:element name=""get"" type=""tns:get""/>'), (5, '            <xs:element name=""getResponse"" type=""tns:getResponse""/>'), (6, '            <xs:complexType name=""get"">'), (7, '                <xs:sequence>'), (8, '                    <xs:element minOccurs=""0"" name=""arg0"" type=""tns:userGetRequest""/>'), (9, '                </xs:sequence>'), (10, '            </xs:complexType>'), (11, '            <xs:complexType name=""userGetRequest"">'), (12, '                <xs:sequence>'), (13, '                    <xs:element minOccurs=""0"" name=""id"" type=""xs:int""/>'), (14, '                </xs:sequence>'), (15, '            </xs:complexType>'), (16, '            <xs:complexType name=""getResponse"">'), (17, '                <xs:sequence>'), (18, '                    <xs:element minOccurs=""0"" name=""return"" type=""tns:userGetResponse""/>'), (19, '                </xs:sequence>'), (20, '            </xs:complexType>'), (21, '            <xs:complexType name=""userGetResponse"">'), (22, '                <xs:sequence>'), (23, '                    <xs:element minOccurs=""0"" name=""gender"" type=""xs:int""/>'), (24, '                    <xs:element minOccurs=""0"" name=""id"" type=""xs:int""/>'), (25, '                    <xs:element minOccurs=""0"" name=""name"" type=""xs:string""/>'), (26, '                </xs:sequence>'), (27, '            </xs:complexType>'), (28, '        </xs:schema>'), (29, '    </wsdl:types>'), (30, '    <wsdl:message name=""getResponse"">'), (31, '        <wsdl:part element=""tns:getResponse"" name=""parameters""> </wsdl:part>'), (32, '    </wsdl:message>'), (33, '    <wsdl:message name=""get"">'), (34, '        <wsdl:part element=""tns:get"" name=""parameters""> </wsdl:part>'), (35, '    </wsdl:message>'), (36, '    <wsdl:portType name=""UserService"">'), (37, '        <wsdl:operation name=""get"">'), (38, '            <wsdl:input message=""tns:get"" name=""get""> </wsdl:input>'), (39, '            <wsdl:output message=""tns:getResponse"" name=""getResponse""> </wsdl:output>'), (40, '        </wsdl:operation>'), (41, '    </wsdl:portType>'), (42, '    <wsdl:binding name=""userServiceSoapBinding"" type=""tns:UserService"">'), (43, '        <soap:binding style=""document"" transport=""http://schemas.xmlsoap.org/soap/http""/>'), (44, '        <wsdl:operation name=""get"">'), (45, '            <soap:operation soapAction="""" style=""document""/>'), (46, '            <wsdl:input name=""get"">'), (47, '                <soap:body use=""literal""/>'), (48, '            </wsdl:input>'), (49, '            <wsdl:output name=""getResponse"">'), (50, '                <soap:body use=""literal""/>'), (51, '            </wsdl:output>'), (52, '        </wsdl:operation>'), (53, '    </wsdl:binding>'), (54, '    <wsdl:service name=""userService"">'), (55, '        <wsdl:port binding=""tns:userServiceSoapBinding"" name=""UserServiceImplPort"">'), (56, '            <soap:address location=""http://127.0.0.1:8080/ws/user""/>'), (57, '        </wsdl:port>'), (58, '    </wsdl:service>'), (59, '</wsdl:definitions>')], 'deleted': []}"
282,e51ad0ab4f4c580aeb8561d5fb49fc576e2ded1f,lab-65/lab-65-cxf-ws-demo/lab-65-cxf-ws-demo-user-service/src/main/resources/application.yml,application.yml,1,"{'added': [(1, '# CXF 配置项，对应 CxfProperties 配置类'), (2, 'cxf:'), (3, '  path: /ws/ # CXF CXFServlet 的匹配路径')], 'deleted': []}"
283,e51ad0ab4f4c580aeb8561d5fb49fc576e2ded1f,lab-65/lab-65-cxf-ws-demo/lab-65-spring-ws-demo-application/src/main/resources/application.yml,application.yml,1,"{'added': [(1, 'server:'), (2, '  port: 9090')], 'deleted': []}"
284,0ab7e924fbe61be301f8d1b121f10c990a3496d6,lab-61/lab-61-cat-opentracing-demo/src/main/resources/META-INF/app.properties,app.properties,1,"{'added': [(1, 'app.name=demo-application')], 'deleted': []}"
285,0ab7e924fbe61be301f8d1b121f10c990a3496d6,lab-65/lab-65-spring-ws-demo/lab-65-spring-ws-demo-user-service/src/main/resources/users.xsd,users.xsd,5,"{'added': [(5, '    <!-- 获得用户请求 -->'), (13, '    <!-- 获得用户响应 -->'), (24, '    <!-- 创建用户请求 -->'), (33, '    <!-- 创建用户响应 -->')], 'deleted': [(12, ''), (31, '')]}"
286,0ab7e924fbe61be301f8d1b121f10c990a3496d6,lab-65/lab-65-ws-feign-client/src/main/resources/application.yml,application.yml,1,"{'added': [(1, 'server:'), (2, '  port: 9090')], 'deleted': []}"
287,7fc06d784095b29c25044efdc0121a596c35f834,lab-65/lab-65-spring-ws-demo/lab-65-spring-ws-demo-application/src/main/resources/application.yml,application.yml,1,"{'added': [(1, 'server:'), (2, '  port: 9090')], 'deleted': []}"
288,65bbd8a6bc562011918becef67986dd34e9f47f8,lab-65/lab-65-spring-ws-demo/lab-65-spring-ws-demo-user-service/src/main/resources/application.yml,application.yml,4,"{'added': [], 'deleted': [(1, 'spring:'), (2, '  webservices:'), (3, '    path: /ws')]}"
289,1315127affc00d73bf5c34df68a944065cb01fff,lab-65/lab-65-spring-ws-demo/lab-65-spring-ws-demo-user-service/src/main/resources/application.yml,application.yml,1,"{'added': [(1, 'spring:'), (2, '  webservices:'), (3, '    path: /ws')], 'deleted': []}"
290,1315127affc00d73bf5c34df68a944065cb01fff,lab-65/lab-65-spring-ws-demo/lab-65-spring-ws-demo-user-service/src/main/resources/users.xsd,users.xsd,5,"{'added': [(1, '<xs:schema xmlns:xs=""http://www.w3.org/2001/XMLSchema""'), (2, '           targetNamespace=""https://github.com/YunaiV/SpringBoot-Labs/tree/master/lab-65/lab-65-spring-ws-demo""'), (3, '           elementFormDefault=""qualified"">'), (5, '    <xs:element name=""UserGetRequest"">'), (8, '                <xs:element name=""id"" type=""xs:int""/>'), (9, '            </xs:sequence>'), (10, '        </xs:complexType>'), (11, '    </xs:element>'), (12, ''), (13, '    <xs:element name=""UserGetResponse"">'), (14, '        <xs:complexType>'), (15, '            <xs:sequence>'), (16, '                <xs:element name=""id"" type=""xs:int"" />'), (18, '                <xs:element name=""gender"" type=""xs:int""/>'), (23, '    <xs:element name=""UserCreateRequest"">'), (26, '                <xs:element name=""name"" type=""xs:string""/>'), (27, '                <xs:element name=""gender"" type=""xs:int""/>'), (32, '    <xs:element name=""UserCreateResponse"">'), (33, '        <xs:complexType>'), (34, '            <xs:sequence>'), (35, '                <xs:element name=""id"" type=""xs:int""/>'), (36, '            </xs:sequence>'), (37, '        </xs:complexType>'), (38, '    </xs:element>')], 'deleted': [(1, '<xs:schema xmlns:xs=""http://www.w3.org/2001/XMLSchema"" xmlns:tns=""http://spring.io/guides/gs-producing-web-service""'), (2, '           targetNamespace=""http://spring.io/guides/gs-producing-web-service"" elementFormDefault=""qualified"">'), (4, '    <xs:element name=""getCountryRequest"">'), (12, '    <xs:element name=""getCountryResponse"">'), (15, '                <xs:element name=""country"" type=""tns:country""/>'), (20, '    <xs:complexType name=""country"">'), (21, '        <xs:sequence>'), (22, '            <xs:element name=""name"" type=""xs:string""/>'), (23, '            <xs:element name=""population"" type=""xs:int""/>'), (24, '            <xs:element name=""capital"" type=""xs:string""/>'), (25, '            <xs:element name=""currency"" type=""tns:currency""/>'), (26, '        </xs:sequence>'), (27, '    </xs:complexType>'), (29, '    <xs:simpleType name=""currency"">'), (30, '        <xs:restriction base=""xs:string"">'), (31, '            <xs:enumeration value=""GBP""/>'), (32, '            <xs:enumeration value=""EUR""/>'), (33, '            <xs:enumeration value=""PLN""/>'), (34, '        </xs:restriction>'), (35, '    </xs:simpleType>')]}"
291,c26967183a7a1523bad9988eaa4a6a6c0750ffaf,lab-65/lab-65-spring-ws-demo/lab-65-spring-ws-demo-user-service/src/main/resources/users.xsd,users.xsd,1,"{'added': [(1, '<xs:schema xmlns:xs=""http://www.w3.org/2001/XMLSchema"" xmlns:tns=""http://spring.io/guides/gs-producing-web-service""'), (2, '           targetNamespace=""http://spring.io/guides/gs-producing-web-service"" elementFormDefault=""qualified"">'), (3, ''), (4, '    <xs:element name=""getCountryRequest"">'), (5, '        <xs:complexType>'), (6, '            <xs:sequence>'), (7, '                <xs:element name=""name"" type=""xs:string""/>'), (8, '            </xs:sequence>'), (9, '        </xs:complexType>'), (10, '    </xs:element>'), (11, ''), (12, '    <xs:element name=""getCountryResponse"">'), (13, '        <xs:complexType>'), (14, '            <xs:sequence>'), (15, '                <xs:element name=""country"" type=""tns:country""/>'), (16, '            </xs:sequence>'), (17, '        </xs:complexType>'), (18, '    </xs:element>'), (19, ''), (20, '    <xs:complexType name=""country"">'), (21, '        <xs:sequence>'), (22, '            <xs:element name=""name"" type=""xs:string""/>'), (23, '            <xs:element name=""population"" type=""xs:int""/>'), (24, '            <xs:element name=""capital"" type=""xs:string""/>'), (25, '            <xs:element name=""currency"" type=""tns:currency""/>'), (26, '        </xs:sequence>'), (27, '    </xs:complexType>'), (28, ''), (29, '    <xs:simpleType name=""currency"">'), (30, '        <xs:restriction base=""xs:string"">'), (31, '            <xs:enumeration value=""GBP""/>'), (32, '            <xs:enumeration value=""EUR""/>'), (33, '            <xs:enumeration value=""PLN""/>'), (34, '        </xs:restriction>'), (35, '    </xs:simpleType>'), (36, '</xs:schema>')], 'deleted': []}"
292,c3956e6889f4a2f782f2c5a7b8f9acd1b08681dd,labx-30/labx-30-grpc-cloud/labx-30-grpc-cloud-application/src/main/resources/application.yml,application.yml,5,"{'added': [(1, 'spring:'), (2, '  application:'), (3, '    name: demo-application # 应用名'), (4, '  cloud:'), (5, '    nacos:'), (6, '      # Nacos 作为注册中心的配置项，对应 NacosDiscoveryProperties 配置类'), (7, '      discovery:'), (8, '        server-addr: 127.0.0.1:8848 # Nacos 服务器地址'), (9, ''), (13, '    user-service:')], 'deleted': [(4, '    userService:'), (5, ""      address: 'static://127.0.0.1:8888' # 用户服务的地址"")]}"
293,c3956e6889f4a2f782f2c5a7b8f9acd1b08681dd,labx-30/labx-30-grpc-cloud/labx-30-grpc-cloud-user-service/src/main/resources/application.yml,application.yml,5,"{'added': [(1, 'spring:'), (2, '  application:'), (3, '    name: user-service # 应用名'), (4, '  cloud:'), (5, '    nacos:'), (6, '      # Nacos 作为注册中心的配置项，对应 NacosDiscoveryProperties 配置类'), (7, '      discovery:'), (8, '        server-addr: 127.0.0.1:8848 # Nacos 服务器地址'), (9, ''), (13, '    port: 0 # gRPC Server 随机端口'), (14, ''), (15, 'server:'), (16, '  port: 0 # Web Server 随机端口')], 'deleted': [(4, '    port: 8888')]}"
294,211fab1dad5f2c33d402f76fd854e0b4350f62c9,labx-30/labx-30-grpc-cloud/labx-30-grpc-cloud-application/src/main/resources/application.yml,application.yml,1,"{'added': [(1, 'grpc:'), (2, '  # gRPC 客户端配置，对应 GrpcChannelsProperties 配置类的映射'), (3, '  client:'), (4, '    userService:'), (5, ""      address: 'static://127.0.0.1:8888' # 用户服务的地址""), (6, '      negotiation-type: plaintext')], 'deleted': []}"
295,211fab1dad5f2c33d402f76fd854e0b4350f62c9,labx-30/labx-30-grpc-cloud/labx-30-grpc-cloud-user-service/src/main/resources/application.yml,application.yml,1,"{'added': [(1, 'grpc:'), (2, '  # gRPC 服务器配置，对应 GrpcServerProperties 配置类'), (3, '  server:'), (4, '    port: 8888')], 'deleted': []}"
296,08e53883ad0eb1585832ccd164ac6a29fada3627,lab-64/lab-64-grpc-starter/lab-64-grpc-starter-application/src/main/resources/application.yml,application.yml,1,"{'added': [(1, 'grpc:'), (2, '  # gRPC 客户端配置，对应 GrpcChannelsProperties 配置类的映射'), (3, '  client:'), (4, '    userService:'), (5, ""      address: 'static://127.0.0.1:8888' # 用户服务的地址""), (6, '      negotiation-type: plaintext')], 'deleted': []}"
297,08e53883ad0eb1585832ccd164ac6a29fada3627,lab-64/lab-64-grpc-starter/lab-64-grpc-starter-user-service/src/main/resources/application.yml,application.yml,1,"{'added': [(1, 'grpc:'), (2, '  # gRPC 服务器配置，对应 GrpcServerProperties 配置类'), (3, '  server:'), (4, '    port: 8888')], 'deleted': []}"
